[0.000000] (-) TimerEvent: {}
[0.000683] (fast_lio) JobQueued: {'identifier': 'fast_lio', 'dependencies': OrderedDict()}
[0.000814] (fast_lio) JobStarted: {'identifier': 'fast_lio'}
[0.017745] (fast_lio) JobProgress: {'identifier': 'fast_lio', 'progress': 'cmake'}
[0.019366] (fast_lio) Command: {'cmd': ['/usr/bin/cmake', '/home/amov/lio_ws/src/FAST_LIO_ROS2', '-DAMENT_CMAKE_SYMLINK_INSTALL=1', '-DCMAKE_INSTALL_PREFIX=/home/amov/lio_ws/install/fast_lio'], 'cwd': '/home/amov/lio_ws/build/fast_lio', 'env': OrderedDict([('LESSOPEN', '| /usr/bin/lesspipe %s'), ('no_proxy', 'localhost,127.0.0.1,192.168.3.0/24'), ('USER', 'amov'), ('all_proxy', 'socks5://127.0.0.1:7891'), ('XDG_SESSION_TYPE', 'x11'), ('GIT_ASKPASS', '/usr/share/code/resources/app/extensions/git/dist/askpass.sh'), ('SHLVL', '2'), ('LD_LIBRARY_PATH', '/home/amov/lio_ws/install/fast_lio/lib:/home/amov/livox_ws/install/livox_ros_driver2/lib:/home/amov/navigation/install/serial/lib:/home/amov/navigation/install/robots_localization/lib:/home/amov/navigation/install/nlink_message/lib:/home/amov/navigation/livox_install/livox_ros_driver2/lib:/opt/ros/humble/opt/rviz_ogre_vendor/lib:/opt/ros/humble/lib/aarch64-linux-gnu:/opt/ros/humble/lib'), ('HOME', '/home/amov'), ('CHROME_DESKTOP', 'code.desktop'), ('OLDPWD', '/home/amov/lio_ws'), ('TERM_PROGRAM_VERSION', '1.108.0'), ('DESKTOP_SESSION', 'ubuntu'), ('ROS_PYTHON_VERSION', '3'), ('GNOME_SHELL_SESSION_MODE', 'ubuntu'), ('GTK_MODULES', 'gail:atk-bridge'), ('VSCODE_GIT_ASKPASS_MAIN', '/usr/share/code/resources/app/extensions/git/dist/askpass-main.js'), ('VSCODE_GIT_ASKPASS_NODE', '/usr/share/code/code'), ('SYSTEMD_EXEC_PID', '2309'), ('VSCODE_PYTHON_AUTOACTIVATE_GUARD', '1'), ('DBUS_SESSION_BUS_ADDRESS', 'unix:path=/run/user/1000/bus'), ('COLORTERM', 'truecolor'), ('IM_CONFIG_PHASE', '1'), ('https_proxy', 'http://127.0.0.1:7890'), ('COLCON_PREFIX_PATH', '/home/amov/livox_ws/install:/home/amov/navigation/install:/home/amov/navigation/livox_install:/home/amov/lio_ws/install'), ('ROS_DISTRO', 'humble'), ('GTK_IM_MODULE', 'ibus'), ('LOGNAME', 'amov'), ('http_proxy', 'http://127.0.0.1:7890'), ('_', '/usr/bin/colcon'), ('ROS_VERSION', '2'), ('XDG_SESSION_CLASS', 'user'), ('USERNAME', 'amov'), ('TERM', 'xterm-256color'), ('GNOME_DESKTOP_SESSION_ID', 'this-is-deprecated'), ('FC_FONTATIONS', '1'), ('ROS_LOCALHOST_ONLY', '0'), ('WINDOWPATH', '2'), ('PATH', '/home/amov/.local/bin:/opt/ros/humble/bin:/usr/local/sbin:/usr/local/bin:/usr/sbin:/usr/bin:/sbin:/bin:/usr/games:/usr/local/games:/snap/bin:/snap/bin'), ('SESSION_MANAGER', 'local/ubuntu:@/tmp/.ICE-unix/2124,unix/ubuntu:/tmp/.ICE-unix/2124'), ('XDG_MENU_PREFIX', 'gnome-'), ('GNOME_TERMINAL_SCREEN', '/org/gnome/Terminal/screen/e269e8f8_4190_4a3e_9911_a9dbe17da065'), ('XDG_RUNTIME_DIR', '/run/user/1000'), ('GDK_BACKEND', 'x11'), ('DISPLAY', ':1'), ('LANG', 'zh_CN.UTF-8'), ('XDG_CURRENT_DESKTOP', 'ubuntu:GNOME'), ('RMW_IMPLEMENTATION', 'rmw_fastrtps_cpp'), ('XMODIFIERS', '@im=ibus'), ('XDG_SESSION_DESKTOP', 'ubuntu'), ('XAUTHORITY', '/run/user/1000/gdm/Xauthority'), ('LS_COLORS', 'rs=0:di=01;34:ln=01;36:mh=00:pi=40;33:so=01;35:do=01;35:bd=40;33;01:cd=40;33;01:or=40;31;01:mi=00:su=37;41:sg=30;43:ca=30;41:tw=30;42:ow=34;42:st=37;44:ex=01;32:*.tar=01;31:*.tgz=01;31:*.arc=01;31:*.arj=01;31:*.taz=01;31:*.lha=01;31:*.lz4=01;31:*.lzh=01;31:*.lzma=01;31:*.tlz=01;31:*.txz=01;31:*.tzo=01;31:*.t7z=01;31:*.zip=01;31:*.z=01;31:*.dz=01;31:*.gz=01;31:*.lrz=01;31:*.lz=01;31:*.lzo=01;31:*.xz=01;31:*.zst=01;31:*.tzst=01;31:*.bz2=01;31:*.bz=01;31:*.tbz=01;31:*.tbz2=01;31:*.tz=01;31:*.deb=01;31:*.rpm=01;31:*.jar=01;31:*.war=01;31:*.ear=01;31:*.sar=01;31:*.rar=01;31:*.alz=01;31:*.ace=01;31:*.zoo=01;31:*.cpio=01;31:*.7z=01;31:*.rz=01;31:*.cab=01;31:*.wim=01;31:*.swm=01;31:*.dwm=01;31:*.esd=01;31:*.jpg=01;35:*.jpeg=01;35:*.mjpg=01;35:*.mjpeg=01;35:*.gif=01;35:*.bmp=01;35:*.pbm=01;35:*.pgm=01;35:*.ppm=01;35:*.tga=01;35:*.xbm=01;35:*.xpm=01;35:*.tif=01;35:*.tiff=01;35:*.png=01;35:*.svg=01;35:*.svgz=01;35:*.mng=01;35:*.pcx=01;35:*.mov=01;35:*.mpg=01;35:*.mpeg=01;35:*.m2v=01;35:*.mkv=01;35:*.webm=01;35:*.webp=01;35:*.ogm=01;35:*.mp4=01;35:*.m4v=01;35:*.mp4v=01;35:*.vob=01;35:*.qt=01;35:*.nuv=01;35:*.wmv=01;35:*.asf=01;35:*.rm=01;35:*.rmvb=01;35:*.flc=01;35:*.avi=01;35:*.fli=01;35:*.flv=01;35:*.gl=01;35:*.dl=01;35:*.xcf=01;35:*.xwd=01;35:*.yuv=01;35:*.cgm=01;35:*.emf=01;35:*.ogv=01;35:*.ogx=01;35:*.aac=00;36:*.au=00;36:*.flac=00;36:*.m4a=00;36:*.mid=00;36:*.midi=00;36:*.mka=00;36:*.mp3=00;36:*.mpc=00;36:*.ogg=00;36:*.ra=00;36:*.wav=00;36:*.oga=00;36:*.opus=00;36:*.spx=00;36:*.xspf=00;36:'), ('VSCODE_GIT_IPC_HANDLE', '/run/user/1000/vscode-git-d1d8dac169.sock'), ('GNOME_TERMINAL_SERVICE', ':1.91'), ('TERM_PROGRAM', 'vscode'), ('SSH_AGENT_LAUNCHER', 'gnome-keyring'), ('SSH_AUTH_SOCK', '/run/user/1000/keyring/ssh'), ('ROS_DOMAIN_ID', '5'), ('AMENT_PREFIX_PATH', '/home/amov/lio_ws/install/fast_lio:/home/amov/livox_ws/install/livox_ros_driver2:/home/amov/navigation/install/nlink_parser_ros2:/home/amov/navigation/install/serial:/home/amov/navigation/install/robots_localization:/home/amov/navigation/install/nlink_message:/home/amov/navigation/install/ego_planner_2d:/home/amov/navigation/livox_install/livox_ros_driver2:/opt/ros/humble'), ('SHELL', '/bin/bash'), ('QT_ACCESSIBILITY', '1'), ('NO_AT_BRIDGE', '1'), ('GDMSESSION', 'ubuntu'), ('LESSCLOSE', '/usr/bin/lesspipe %s %s'), ('GPG_AGENT_INFO', '/run/user/1000/gnupg/S.gpg-agent:0:1'), ('VSCODE_GIT_ASKPASS_EXTRA_ARGS', ''), ('QT_IM_MODULE', 'ibus'), ('PWD', '/home/amov/lio_ws/build/fast_lio'), ('XDG_CONFIG_DIRS', '/etc/xdg/xdg-ubuntu:/etc/xdg'), ('XDG_DATA_DIRS', '/usr/share/ubuntu:/usr/share/gnome:/usr/local/share/:/usr/share/:/var/lib/snapd/desktop'), ('PYTHONPATH', '/home/amov/lio_ws/install/fast_lio/local/lib/python3.10/dist-packages:/home/amov/livox_ws/install/livox_ros_driver2/local/lib/python3.10/dist-packages:/home/amov/navigation/install/robots_localization/local/lib/python3.10/dist-packages:/home/amov/navigation/install/nlink_message/local/lib/python3.10/dist-packages:/home/amov/navigation/livox_install/livox_ros_driver2/local/lib/python3.10/dist-packages:/opt/ros/humble/lib/python3.10/site-packages:/opt/ros/humble/local/lib/python3.10/dist-packages'), ('COLCON', '1'), ('VTE_VERSION', '6800'), ('CMAKE_PREFIX_PATH', '/home/amov/lio_ws/install/fast_lio:/home/amov/livox_ws/install/livox_ros_driver2:/home/amov/.local:/home/amov/navigation/install/nlink_parser_ros2:/home/amov/navigation/install/serial:/home/amov/navigation/install/robots_localization:/home/amov/navigation/install/nlink_message:/home/amov/navigation/install/ego_planner_2d:/home/amov/navigation/livox_install/livox_ros_driver2:/home/amov/.local:/opt/ros/humble')]), 'shell': False}
[0.098777] (-) TimerEvent: {}
[0.134425] (fast_lio) StdoutLine: {'line': b'-- The C compiler identification is GNU 11.4.0\n'}
[0.199072] (-) TimerEvent: {}
[0.256166] (fast_lio) StdoutLine: {'line': b'-- The CXX compiler identification is GNU 11.4.0\n'}
[0.275649] (fast_lio) StdoutLine: {'line': b'-- Detecting C compiler ABI info\n'}
[0.299300] (-) TimerEvent: {}
[0.400170] (-) TimerEvent: {}
[0.435937] (fast_lio) StdoutLine: {'line': b'-- Detecting C compiler ABI info - done\n'}
[0.461054] (fast_lio) StdoutLine: {'line': b'-- Check for working C compiler: /usr/bin/cc - skipped\n'}
[0.461983] (fast_lio) StdoutLine: {'line': b'-- Detecting C compile features\n'}
[0.463514] (fast_lio) StdoutLine: {'line': b'-- Detecting C compile features - done\n'}
[0.469229] (fast_lio) StdoutLine: {'line': b'-- Detecting CXX compiler ABI info\n'}
[0.500458] (-) TimerEvent: {}
[0.601411] (-) TimerEvent: {}
[0.649452] (fast_lio) StdoutLine: {'line': b'-- Detecting CXX compiler ABI info - done\n'}
[0.675347] (fast_lio) StdoutLine: {'line': b'-- Check for working CXX compiler: /usr/bin/c++ - skipped\n'}
[0.676377] (fast_lio) StdoutLine: {'line': b'-- Detecting CXX compile features\n'}
[0.678057] (fast_lio) StdoutLine: {'line': b'-- Detecting CXX compile features - done\n'}
[0.680746] (fast_lio) StderrLine: {'line': b'\x1b[0mCurrent CPU archtecture: aarch64\x1b[0m\n'}
[0.701487] (-) TimerEvent: {}
[0.802300] (-) TimerEvent: {}
[0.903178] (-) TimerEvent: {}
[1.003967] (-) TimerEvent: {}
[1.105021] (-) TimerEvent: {}
[1.205891] (-) TimerEvent: {}
[1.306656] (-) TimerEvent: {}
[1.407313] (-) TimerEvent: {}
[1.453884] (fast_lio) StdoutLine: {'line': b'-- Found PythonLibs: /usr/lib/aarch64-linux-gnu/libpython3.10.so (found version "3.10.12") \n'}
[1.463255] (fast_lio) StdoutLine: {'line': b'-- Found ament_cmake: 1.3.14 (/opt/ros/humble/share/ament_cmake/cmake)\n'}
[1.507533] (-) TimerEvent: {}
[1.608383] (-) TimerEvent: {}
[1.709184] (-) TimerEvent: {}
[1.795205] (fast_lio) StdoutLine: {'line': b'-- Found Python3: /usr/bin/python3 (found version "3.10.12") found components: Interpreter \n'}
[1.809331] (-) TimerEvent: {}
[1.910075] (-) TimerEvent: {}
[1.920028] (fast_lio) StdoutLine: {'line': b'-- Override CMake install command with custom implementation using symlinks instead of copying resources\n'}
[1.998776] (fast_lio) StdoutLine: {'line': b'-- Found rclcpp: 16.0.19 (/opt/ros/humble/share/rclcpp/cmake)\n'}
[2.010218] (-) TimerEvent: {}
[2.077476] (fast_lio) StdoutLine: {'line': b'-- Found rosidl_generator_c: 3.1.9 (/opt/ros/humble/share/rosidl_generator_c/cmake)\n'}
[2.085325] (fast_lio) StdoutLine: {'line': b'-- Found rosidl_adapter: 3.1.9 (/opt/ros/humble/share/rosidl_adapter/cmake)\n'}
[2.098878] (fast_lio) StdoutLine: {'line': b'-- Found rosidl_generator_cpp: 3.1.9 (/opt/ros/humble/share/rosidl_generator_cpp/cmake)\n'}
[2.110304] (-) TimerEvent: {}
[2.117731] (fast_lio) StdoutLine: {'line': b'-- Using all available rosidl_typesupport_c: rosidl_typesupport_fastrtps_c;rosidl_typesupport_introspection_c\n'}
[2.144494] (fast_lio) StdoutLine: {'line': b'-- Using all available rosidl_typesupport_cpp: rosidl_typesupport_fastrtps_cpp;rosidl_typesupport_introspection_cpp\n'}
[2.210513] (-) TimerEvent: {}
[2.214452] (fast_lio) StdoutLine: {'line': b'-- Found rmw_implementation_cmake: 6.1.2 (/opt/ros/humble/share/rmw_implementation_cmake/cmake)\n'}
[2.219162] (fast_lio) StdoutLine: {'line': b'-- Found rmw_fastrtps_cpp: 6.2.10 (/opt/ros/humble/share/rmw_fastrtps_cpp/cmake)\n'}
[2.310686] (-) TimerEvent: {}
[2.386599] (fast_lio) StdoutLine: {'line': b'-- Found OpenSSL: /usr/lib/aarch64-linux-gnu/libcrypto.so (found version "3.0.2")  \n'}
[2.410991] (-) TimerEvent: {}
[2.448391] (fast_lio) StdoutLine: {'line': b'-- Found FastRTPS: /opt/ros/humble/include  \n'}
[2.511173] (-) TimerEvent: {}
[2.520335] (fast_lio) StdoutLine: {'line': b"-- Using RMW implementation 'rmw_fastrtps_cpp' as default\n"}
[2.535811] (fast_lio) StdoutLine: {'line': b'-- Looking for pthread.h\n'}
[2.611640] (-) TimerEvent: {}
[2.682400] (fast_lio) StdoutLine: {'line': b'-- Looking for pthread.h - found\n'}
[2.683609] (fast_lio) StdoutLine: {'line': b'-- Performing Test CMAKE_HAVE_LIBC_PTHREAD\n'}
[2.711821] (-) TimerEvent: {}
[2.812674] (-) TimerEvent: {}
[2.853429] (fast_lio) StdoutLine: {'line': b'-- Performing Test CMAKE_HAVE_LIBC_PTHREAD - Success\n'}
[2.855176] (fast_lio) StdoutLine: {'line': b'-- Found Threads: TRUE  \n'}
[2.912915] (-) TimerEvent: {}
[2.968023] (fast_lio) StdoutLine: {'line': b'-- Found rclcpp_components: 16.0.19 (/opt/ros/humble/share/rclcpp_components/cmake)\n'}
[3.010004] (fast_lio) StdoutLine: {'line': b'-- Found geometry_msgs: 4.9.1 (/opt/ros/humble/share/geometry_msgs/cmake)\n'}
[3.012932] (-) TimerEvent: {}
[3.030493] (fast_lio) StdoutLine: {'line': b'-- Found nav_msgs: 4.9.1 (/opt/ros/humble/share/nav_msgs/cmake)\n'}
[3.057266] (fast_lio) StdoutLine: {'line': b'-- Found sensor_msgs: 4.9.1 (/opt/ros/humble/share/sensor_msgs/cmake)\n'}
[3.083330] (fast_lio) StdoutLine: {'line': b'-- Found std_srvs: 4.9.1 (/opt/ros/humble/share/std_srvs/cmake)\n'}
[3.098112] (fast_lio) StdoutLine: {'line': b'-- Found visualization_msgs: 4.9.1 (/opt/ros/humble/share/visualization_msgs/cmake)\n'}
[3.113049] (-) TimerEvent: {}
[3.127424] (fast_lio) StdoutLine: {'line': b'-- Found pcl_ros: 2.4.5 (/opt/ros/humble/share/pcl_ros/cmake)\n'}
[3.195914] (fast_lio) StdoutLine: {'line': b"-- Checking for module 'eigen3'\n"}
[3.213240] (-) TimerEvent: {}
[3.223399] (fast_lio) StdoutLine: {'line': b'--   Found eigen3, version 3.4.0\n'}
[3.297572] (fast_lio) StdoutLine: {'line': b'-- Found Eigen: /usr/include/eigen3 (Required is at least version "3.1") \n'}
[3.298108] (fast_lio) StdoutLine: {'line': b'-- Eigen found (include: /usr/include/eigen3, version: 3.4.0)\n'}
[3.313373] (-) TimerEvent: {}
[3.372363] (fast_lio) StdoutLine: {'line': b"-- Checking for module 'flann'\n"}
[3.407704] (fast_lio) StdoutLine: {'line': b'--   Found flann, version 1.9.1\n'}
[3.413466] (-) TimerEvent: {}
[3.507478] (fast_lio) StdoutLine: {'line': b'-- Found FLANN: /usr/lib/aarch64-linux-gnu/libflann_cpp.so  \n'}
[3.508300] (fast_lio) StdoutLine: {'line': b'-- FLANN found (include: /usr/include, lib: /usr/lib/aarch64-linux-gnu/libflann_cpp.so)\n'}
[3.513575] (-) TimerEvent: {}
[3.614130] (-) TimerEvent: {}
[3.714806] (-) TimerEvent: {}
[3.815556] (-) TimerEvent: {}
[3.916483] (-) TimerEvent: {}
[4.017185] (-) TimerEvent: {}
[4.118122] (-) TimerEvent: {}
[4.218747] (-) TimerEvent: {}
[4.319380] (-) TimerEvent: {}
[4.420060] (-) TimerEvent: {}
[4.520841] (-) TimerEvent: {}
[4.621848] (-) TimerEvent: {}
[4.722490] (-) TimerEvent: {}
[4.823164] (-) TimerEvent: {}
[4.923929] (-) TimerEvent: {}
[5.024863] (-) TimerEvent: {}
[5.125769] (-) TimerEvent: {}
[5.226684] (-) TimerEvent: {}
[5.327364] (-) TimerEvent: {}
[5.428266] (-) TimerEvent: {}
[5.471653] (fast_lio) StdoutLine: {'line': b"-- Checking for module 'libusb-1.0'\n"}
[5.509414] (fast_lio) StdoutLine: {'line': b'--   Found libusb-1.0, version 1.0.25\n'}
[5.528486] (-) TimerEvent: {}
[5.604615] (fast_lio) StdoutLine: {'line': b'-- Found libusb: /usr/lib/aarch64-linux-gnu/libusb-1.0.so  \n'}
[5.608264] (fast_lio) StdoutLine: {'line': b'-- OpenNI found (version: 1.5.4.0, include: /usr/include/ni, lib: /usr/lib/libOpenNI.so;libusb::libusb)\n'}
[5.628653] (-) TimerEvent: {}
[5.729559] (-) TimerEvent: {}
[5.773498] (fast_lio) StdoutLine: {'line': b'-- OpenNI2 found (version: 2.2.0.33, include: /usr/include/openni2, lib: /usr/lib/aarch64-linux-gnu/libOpenNI2.so;libusb::libusb)\n'}
[5.829808] (-) TimerEvent: {}
[5.930858] (-) TimerEvent: {}
[6.031623] (-) TimerEvent: {}
[6.045667] (fast_lio) StdoutLine: {'line': b'-- Eigen found (include: /usr/include/eigen3, version: 3.4.0)\n'}
[6.057684] (fast_lio) StdoutLine: {'line': b'-- OpenNI found (version: 1.5.4.0, include: /usr/include/ni, lib: /usr/lib/libOpenNI.so;libusb::libusb)\n'}
[6.070240] (fast_lio) StdoutLine: {'line': b'-- OpenNI2 found (version: 2.2.0.33, include: /usr/include/openni2, lib: /usr/lib/aarch64-linux-gnu/libOpenNI2.so;libusb::libusb)\n'}
[6.131828] (-) TimerEvent: {}
[6.232678] (-) TimerEvent: {}
[6.294113] (fast_lio) StdoutLine: {'line': b'-- Found Qhull version 8.0.2\n'}
[6.332746] (-) TimerEvent: {}
[6.433235] (-) TimerEvent: {}
[6.526837] (fast_lio) StdoutLine: {'line': b'-- OpenNI found (version: 1.5.4.0, include: /usr/include/ni, lib: /usr/lib/libOpenNI.so;libusb::libusb)\n'}
[6.533298] (-) TimerEvent: {}
[6.633814] (-) TimerEvent: {}
[6.734638] (-) TimerEvent: {}
[6.752428] (fast_lio) StdoutLine: {'line': b'-- Found PCL_COMMON: /usr/lib/aarch64-linux-gnu/libpcl_common.so  \n'}
[6.754048] (fast_lio) StdoutLine: {'line': b'-- Found PCL_KDTREE: /usr/lib/aarch64-linux-gnu/libpcl_kdtree.so  \n'}
[6.755582] (fast_lio) StdoutLine: {'line': b'-- Found PCL_OCTREE: /usr/lib/aarch64-linux-gnu/libpcl_octree.so  \n'}
[6.756822] (fast_lio) StdoutLine: {'line': b'-- Found PCL_SEARCH: /usr/lib/aarch64-linux-gnu/libpcl_search.so  \n'}
[6.758115] (fast_lio) StdoutLine: {'line': b'-- Found PCL_SAMPLE_CONSENSUS: /usr/lib/aarch64-linux-gnu/libpcl_sample_consensus.so  \n'}
[6.759345] (fast_lio) StdoutLine: {'line': b'-- Found PCL_FILTERS: /usr/lib/aarch64-linux-gnu/libpcl_filters.so  \n'}
[6.759926] (fast_lio) StdoutLine: {'line': b'-- Found PCL_2D: /usr/include/pcl-1.12  \n'}
[6.760469] (fast_lio) StdoutLine: {'line': b'-- Found PCL_GEOMETRY: /usr/include/pcl-1.12  \n'}
[6.761651] (fast_lio) StdoutLine: {'line': b'-- Found PCL_IO: /usr/lib/aarch64-linux-gnu/libpcl_io.so  \n'}
[6.763035] (fast_lio) StdoutLine: {'line': b'-- Found PCL_FEATURES: /usr/lib/aarch64-linux-gnu/libpcl_features.so  \n'}
[6.764381] (fast_lio) StdoutLine: {'line': b'-- Found PCL_ML: /usr/lib/aarch64-linux-gnu/libpcl_ml.so  \n'}
[6.765983] (fast_lio) StdoutLine: {'line': b'-- Found PCL_SEGMENTATION: /usr/lib/aarch64-linux-gnu/libpcl_segmentation.so  \n'}
[6.767806] (fast_lio) StdoutLine: {'line': b'-- Found PCL_VISUALIZATION: /usr/lib/aarch64-linux-gnu/libpcl_visualization.so  \n'}
[6.769363] (fast_lio) StdoutLine: {'line': b'-- Found PCL_SURFACE: /usr/lib/aarch64-linux-gnu/libpcl_surface.so  \n'}
[6.770722] (fast_lio) StdoutLine: {'line': b'-- Found PCL_REGISTRATION: /usr/lib/aarch64-linux-gnu/libpcl_registration.so  \n'}
[6.772308] (fast_lio) StdoutLine: {'line': b'-- Found PCL_KEYPOINTS: /usr/lib/aarch64-linux-gnu/libpcl_keypoints.so  \n'}
[6.773659] (fast_lio) StdoutLine: {'line': b'-- Found PCL_TRACKING: /usr/lib/aarch64-linux-gnu/libpcl_tracking.so  \n'}
[6.774967] (fast_lio) StdoutLine: {'line': b'-- Found PCL_RECOGNITION: /usr/lib/aarch64-linux-gnu/libpcl_recognition.so  \n'}
[6.776376] (fast_lio) StdoutLine: {'line': b'-- Found PCL_STEREO: /usr/lib/aarch64-linux-gnu/libpcl_stereo.so  \n'}
[6.777589] (fast_lio) StdoutLine: {'line': b'-- Found PCL_APPS: /usr/lib/aarch64-linux-gnu/libpcl_apps.so  \n'}
[6.778967] (fast_lio) StdoutLine: {'line': b'-- Found PCL_IN_HAND_SCANNER: /usr/include/pcl-1.12  \n'}
[6.779489] (fast_lio) StdoutLine: {'line': b'-- Found PCL_MODELER: /usr/include/pcl-1.12  \n'}
[6.779947] (fast_lio) StdoutLine: {'line': b'-- Found PCL_POINT_CLOUD_EDITOR: /usr/include/pcl-1.12  \n'}
[6.781213] (fast_lio) StdoutLine: {'line': b'-- Found PCL_OUTOFCORE: /usr/lib/aarch64-linux-gnu/libpcl_outofcore.so  \n'}
[6.782617] (fast_lio) StdoutLine: {'line': b'-- Found PCL_PEOPLE: /usr/lib/aarch64-linux-gnu/libpcl_people.so  \n'}
[6.824784] (fast_lio) StdoutLine: {'line': b'-- Found eigen3_cmake_module: 0.1.1 (/opt/ros/humble/share/eigen3_cmake_module/cmake)\n'}
[6.826690] (fast_lio) StdoutLine: {'line': b'-- Found Eigen3: TRUE (found version "3.4.0") \n'}
[6.827047] (fast_lio) StdoutLine: {'line': b'-- Ensuring Eigen3 include directory is part of orocos-kdl CMake target\n'}
[6.834685] (-) TimerEvent: {}
[6.934077] (fast_lio) StdoutLine: {'line': b'-- Found livox_ros_driver2: 1.0.0 (/home/amov/livox_ws/install/livox_ros_driver2/share/livox_ros_driver2/cmake)\n'}
[6.935344] (-) TimerEvent: {}
[6.966189] (fast_lio) StdoutLine: {'line': b'-- Found rosidl_default_generators: 1.2.1 (/opt/ros/humble/share/rosidl_default_generators/cmake)\n'}
[6.989096] (fast_lio) StderrLine: {'line': b'\x1b[33mCMake Warning (dev) at CMakeLists.txt:81 (find_package):\n'}
[6.989503] (fast_lio) StderrLine: {'line': b'  Policy CMP0074 is not set: find_package uses <PackageName>_ROOT variables.\n'}
[6.989766] (fast_lio) StderrLine: {'line': b'  Run "cmake --help-policy CMP0074" for policy details.  Use the cmake_policy\n'}
[6.990009] (fast_lio) StderrLine: {'line': b'  command to set the policy and suppress this warning.\n'}
[6.990266] (fast_lio) StderrLine: {'line': b'\n'}
[6.990500] (fast_lio) StderrLine: {'line': b'  CMake variable PCL_ROOT is set to:\n'}
[6.990714] (fast_lio) StderrLine: {'line': b'\n'}
[6.990920] (fast_lio) StderrLine: {'line': b'    /usr\n'}
[6.991124] (fast_lio) StderrLine: {'line': b'\n'}
[6.991623] (fast_lio) StderrLine: {'line': b'  For compatibility, CMake is ignoring the variable.\n'}
[6.991725] (fast_lio) StderrLine: {'line': b'This warning is for project developers.  Use -Wno-dev to suppress it.\n'}
[6.991816] (fast_lio) StderrLine: {'line': b'\x1b[0m\n'}
[7.002269] (fast_lio) StderrLine: {'line': b'\x1b[0mEigen:/usr/include/eigen3\x1b[0m\n'}
[7.002606] (fast_lio) StdoutLine: {'line': b'-- PCL: /usr/include/pcl-1.12\n'}
[7.035499] (-) TimerEvent: {}
[7.136164] (-) TimerEvent: {}
[7.237166] (-) TimerEvent: {}
[7.337904] (-) TimerEvent: {}
[7.438652] (-) TimerEvent: {}
[7.503730] (fast_lio) StdoutLine: {'line': b'-- Found ament_cmake_ros: 0.10.0 (/opt/ros/humble/share/ament_cmake_ros/cmake)\n'}
[7.538875] (-) TimerEvent: {}
[7.639816] (-) TimerEvent: {}
[7.740410] (-) TimerEvent: {}
[7.841068] (-) TimerEvent: {}
[7.941908] (-) TimerEvent: {}
[8.042724] (-) TimerEvent: {}
[8.143464] (-) TimerEvent: {}
[8.203589] (fast_lio) StdoutLine: {'line': b'-- Using all available rosidl_typesupport_c: rosidl_typesupport_fastrtps_c;rosidl_typesupport_introspection_c\n'}
[8.243728] (-) TimerEvent: {}
[8.344486] (-) TimerEvent: {}
[8.445696] (-) TimerEvent: {}
[8.470875] (fast_lio) StdoutLine: {'line': b'-- Using all available rosidl_typesupport_cpp: rosidl_typesupport_fastrtps_cpp;rosidl_typesupport_introspection_cpp\n'}
[8.527157] (fast_lio) StdoutLine: {'line': b'-- Found PythonInterp: /usr/bin/python3 (found suitable version "3.10.12", minimum required is "3.6") \n'}
[8.534825] (fast_lio) StdoutLine: {'line': b'-- Found python_cmake_module: 0.10.0 (/opt/ros/humble/share/python_cmake_module/cmake)\n'}
[8.545784] (-) TimerEvent: {}
[8.592663] (fast_lio) StdoutLine: {'line': b'-- Found PythonLibs: /usr/lib/aarch64-linux-gnu/libpython3.10.so (found suitable version "3.10.12", minimum required is "3.5") \n'}
[8.593550] (fast_lio) StdoutLine: {'line': b'-- Using PYTHON_EXECUTABLE: /usr/bin/python3\n'}
[8.593832] (fast_lio) StdoutLine: {'line': b'-- Using PYTHON_INCLUDE_DIRS: /usr/include/python3.10\n'}
[8.594137] (fast_lio) StdoutLine: {'line': b'-- Using PYTHON_LIBRARIES: /usr/lib/aarch64-linux-gnu/libpython3.10.so\n'}
[8.642722] (fast_lio) StdoutLine: {'line': b'-- Found PythonExtra: .so  \n'}
[8.645900] (-) TimerEvent: {}
[8.746767] (-) TimerEvent: {}
[8.847778] (-) TimerEvent: {}
[8.948835] (-) TimerEvent: {}
[8.949899] (fast_lio) StdoutLine: {'line': b'-- Configuring done\n'}
[9.048957] (-) TimerEvent: {}
[9.078377] (fast_lio) StdoutLine: {'line': b'-- Generating done\n'}
[9.114064] (fast_lio) StdoutLine: {'line': b'-- Build files have been written to: /home/amov/lio_ws/build/fast_lio\n'}
[9.149120] (-) TimerEvent: {}
[9.172685] (fast_lio) CommandEnded: {'returncode': 0}
[9.174855] (fast_lio) JobProgress: {'identifier': 'fast_lio', 'progress': 'build'}
[9.177199] (fast_lio) Command: {'cmd': ['/usr/bin/cmake', '--build', '/home/amov/lio_ws/build/fast_lio', '--', '-j8', '-l8'], 'cwd': '/home/amov/lio_ws/build/fast_lio', 'env': OrderedDict([('LESSOPEN', '| /usr/bin/lesspipe %s'), ('no_proxy', 'localhost,127.0.0.1,192.168.3.0/24'), ('USER', 'amov'), ('all_proxy', 'socks5://127.0.0.1:7891'), ('XDG_SESSION_TYPE', 'x11'), ('GIT_ASKPASS', '/usr/share/code/resources/app/extensions/git/dist/askpass.sh'), ('SHLVL', '2'), ('LD_LIBRARY_PATH', '/home/amov/lio_ws/install/fast_lio/lib:/home/amov/livox_ws/install/livox_ros_driver2/lib:/home/amov/navigation/install/serial/lib:/home/amov/navigation/install/robots_localization/lib:/home/amov/navigation/install/nlink_message/lib:/home/amov/navigation/livox_install/livox_ros_driver2/lib:/opt/ros/humble/opt/rviz_ogre_vendor/lib:/opt/ros/humble/lib/aarch64-linux-gnu:/opt/ros/humble/lib'), ('HOME', '/home/amov'), ('CHROME_DESKTOP', 'code.desktop'), ('OLDPWD', '/home/amov/lio_ws'), ('TERM_PROGRAM_VERSION', '1.108.0'), ('DESKTOP_SESSION', 'ubuntu'), ('ROS_PYTHON_VERSION', '3'), ('GNOME_SHELL_SESSION_MODE', 'ubuntu'), ('GTK_MODULES', 'gail:atk-bridge'), ('VSCODE_GIT_ASKPASS_MAIN', '/usr/share/code/resources/app/extensions/git/dist/askpass-main.js'), ('VSCODE_GIT_ASKPASS_NODE', '/usr/share/code/code'), ('SYSTEMD_EXEC_PID', '2309'), ('VSCODE_PYTHON_AUTOACTIVATE_GUARD', '1'), ('DBUS_SESSION_BUS_ADDRESS', 'unix:path=/run/user/1000/bus'), ('COLORTERM', 'truecolor'), ('IM_CONFIG_PHASE', '1'), ('https_proxy', 'http://127.0.0.1:7890'), ('COLCON_PREFIX_PATH', '/home/amov/livox_ws/install:/home/amov/navigation/install:/home/amov/navigation/livox_install:/home/amov/lio_ws/install'), ('ROS_DISTRO', 'humble'), ('GTK_IM_MODULE', 'ibus'), ('LOGNAME', 'amov'), ('http_proxy', 'http://127.0.0.1:7890'), ('_', '/usr/bin/colcon'), ('ROS_VERSION', '2'), ('XDG_SESSION_CLASS', 'user'), ('USERNAME', 'amov'), ('TERM', 'xterm-256color'), ('GNOME_DESKTOP_SESSION_ID', 'this-is-deprecated'), ('FC_FONTATIONS', '1'), ('ROS_LOCALHOST_ONLY', '0'), ('WINDOWPATH', '2'), ('PATH', '/home/amov/.local/bin:/opt/ros/humble/bin:/usr/local/sbin:/usr/local/bin:/usr/sbin:/usr/bin:/sbin:/bin:/usr/games:/usr/local/games:/snap/bin:/snap/bin'), ('SESSION_MANAGER', 'local/ubuntu:@/tmp/.ICE-unix/2124,unix/ubuntu:/tmp/.ICE-unix/2124'), ('XDG_MENU_PREFIX', 'gnome-'), ('GNOME_TERMINAL_SCREEN', '/org/gnome/Terminal/screen/e269e8f8_4190_4a3e_9911_a9dbe17da065'), ('XDG_RUNTIME_DIR', '/run/user/1000'), ('GDK_BACKEND', 'x11'), ('DISPLAY', ':1'), ('LANG', 'zh_CN.UTF-8'), ('XDG_CURRENT_DESKTOP', 'ubuntu:GNOME'), ('RMW_IMPLEMENTATION', 'rmw_fastrtps_cpp'), ('XMODIFIERS', '@im=ibus'), ('XDG_SESSION_DESKTOP', 'ubuntu'), ('XAUTHORITY', '/run/user/1000/gdm/Xauthority'), ('LS_COLORS', 'rs=0:di=01;34:ln=01;36:mh=00:pi=40;33:so=01;35:do=01;35:bd=40;33;01:cd=40;33;01:or=40;31;01:mi=00:su=37;41:sg=30;43:ca=30;41:tw=30;42:ow=34;42:st=37;44:ex=01;32:*.tar=01;31:*.tgz=01;31:*.arc=01;31:*.arj=01;31:*.taz=01;31:*.lha=01;31:*.lz4=01;31:*.lzh=01;31:*.lzma=01;31:*.tlz=01;31:*.txz=01;31:*.tzo=01;31:*.t7z=01;31:*.zip=01;31:*.z=01;31:*.dz=01;31:*.gz=01;31:*.lrz=01;31:*.lz=01;31:*.lzo=01;31:*.xz=01;31:*.zst=01;31:*.tzst=01;31:*.bz2=01;31:*.bz=01;31:*.tbz=01;31:*.tbz2=01;31:*.tz=01;31:*.deb=01;31:*.rpm=01;31:*.jar=01;31:*.war=01;31:*.ear=01;31:*.sar=01;31:*.rar=01;31:*.alz=01;31:*.ace=01;31:*.zoo=01;31:*.cpio=01;31:*.7z=01;31:*.rz=01;31:*.cab=01;31:*.wim=01;31:*.swm=01;31:*.dwm=01;31:*.esd=01;31:*.jpg=01;35:*.jpeg=01;35:*.mjpg=01;35:*.mjpeg=01;35:*.gif=01;35:*.bmp=01;35:*.pbm=01;35:*.pgm=01;35:*.ppm=01;35:*.tga=01;35:*.xbm=01;35:*.xpm=01;35:*.tif=01;35:*.tiff=01;35:*.png=01;35:*.svg=01;35:*.svgz=01;35:*.mng=01;35:*.pcx=01;35:*.mov=01;35:*.mpg=01;35:*.mpeg=01;35:*.m2v=01;35:*.mkv=01;35:*.webm=01;35:*.webp=01;35:*.ogm=01;35:*.mp4=01;35:*.m4v=01;35:*.mp4v=01;35:*.vob=01;35:*.qt=01;35:*.nuv=01;35:*.wmv=01;35:*.asf=01;35:*.rm=01;35:*.rmvb=01;35:*.flc=01;35:*.avi=01;35:*.fli=01;35:*.flv=01;35:*.gl=01;35:*.dl=01;35:*.xcf=01;35:*.xwd=01;35:*.yuv=01;35:*.cgm=01;35:*.emf=01;35:*.ogv=01;35:*.ogx=01;35:*.aac=00;36:*.au=00;36:*.flac=00;36:*.m4a=00;36:*.mid=00;36:*.midi=00;36:*.mka=00;36:*.mp3=00;36:*.mpc=00;36:*.ogg=00;36:*.ra=00;36:*.wav=00;36:*.oga=00;36:*.opus=00;36:*.spx=00;36:*.xspf=00;36:'), ('VSCODE_GIT_IPC_HANDLE', '/run/user/1000/vscode-git-d1d8dac169.sock'), ('GNOME_TERMINAL_SERVICE', ':1.91'), ('TERM_PROGRAM', 'vscode'), ('SSH_AGENT_LAUNCHER', 'gnome-keyring'), ('SSH_AUTH_SOCK', '/run/user/1000/keyring/ssh'), ('ROS_DOMAIN_ID', '5'), ('AMENT_PREFIX_PATH', '/home/amov/lio_ws/install/fast_lio:/home/amov/livox_ws/install/livox_ros_driver2:/home/amov/navigation/install/nlink_parser_ros2:/home/amov/navigation/install/serial:/home/amov/navigation/install/robots_localization:/home/amov/navigation/install/nlink_message:/home/amov/navigation/install/ego_planner_2d:/home/amov/navigation/livox_install/livox_ros_driver2:/opt/ros/humble'), ('SHELL', '/bin/bash'), ('QT_ACCESSIBILITY', '1'), ('NO_AT_BRIDGE', '1'), ('GDMSESSION', 'ubuntu'), ('LESSCLOSE', '/usr/bin/lesspipe %s %s'), ('GPG_AGENT_INFO', '/run/user/1000/gnupg/S.gpg-agent:0:1'), ('VSCODE_GIT_ASKPASS_EXTRA_ARGS', ''), ('QT_IM_MODULE', 'ibus'), ('PWD', '/home/amov/lio_ws/build/fast_lio'), ('XDG_CONFIG_DIRS', '/etc/xdg/xdg-ubuntu:/etc/xdg'), ('XDG_DATA_DIRS', '/usr/share/ubuntu:/usr/share/gnome:/usr/local/share/:/usr/share/:/var/lib/snapd/desktop'), ('PYTHONPATH', '/home/amov/lio_ws/install/fast_lio/local/lib/python3.10/dist-packages:/home/amov/livox_ws/install/livox_ros_driver2/local/lib/python3.10/dist-packages:/home/amov/navigation/install/robots_localization/local/lib/python3.10/dist-packages:/home/amov/navigation/install/nlink_message/local/lib/python3.10/dist-packages:/home/amov/navigation/livox_install/livox_ros_driver2/local/lib/python3.10/dist-packages:/opt/ros/humble/lib/python3.10/site-packages:/opt/ros/humble/local/lib/python3.10/dist-packages'), ('COLCON', '1'), ('VTE_VERSION', '6800'), ('CMAKE_PREFIX_PATH', '/home/amov/lio_ws/install/fast_lio:/home/amov/livox_ws/install/livox_ros_driver2:/home/amov/.local:/home/amov/navigation/install/nlink_parser_ros2:/home/amov/navigation/install/serial:/home/amov/navigation/install/robots_localization:/home/amov/navigation/install/nlink_message:/home/amov/navigation/install/ego_planner_2d:/home/amov/navigation/livox_install/livox_ros_driver2:/home/amov/.local:/opt/ros/humble')]), 'shell': False}
[9.249290] (-) TimerEvent: {}
[9.276210] (fast_lio) StdoutLine: {'line': b'[  2%] \x1b[34m\x1b[1mGenerating C code for ROS interfaces\x1b[0m\n'}
[9.294300] (fast_lio) StdoutLine: {'line': b'[  5%] \x1b[34m\x1b[1mGenerating C++ code for ROS interfaces\x1b[0m\n'}
[9.295251] (fast_lio) StdoutLine: {'line': b'[  8%] \x1b[34m\x1b[1mGenerating Rust code for ROS interfaces\x1b[0m\n'}
[9.312612] (fast_lio) StdoutLine: {'line': b'[  8%] Built target ament_cmake_python_symlink_fast_lio\n'}
[9.349451] (-) TimerEvent: {}
[9.450003] (-) TimerEvent: {}
[9.550546] (-) TimerEvent: {}
[9.651320] (-) TimerEvent: {}
[9.726500] (fast_lio) StdoutLine: {'line': b'running egg_info\n'}
[9.727841] (fast_lio) StdoutLine: {'line': b'creating fast_lio.egg-info\n'}
[9.728144] (fast_lio) StdoutLine: {'line': b'writing fast_lio.egg-info/PKG-INFO\n'}
[9.728501] (fast_lio) StdoutLine: {'line': b'writing dependency_links to fast_lio.egg-info/dependency_links.txt\n'}
[9.728819] (fast_lio) StdoutLine: {'line': b'writing top-level names to fast_lio.egg-info/top_level.txt\n'}
[9.729216] (fast_lio) StdoutLine: {'line': b"writing manifest file 'fast_lio.egg-info/SOURCES.txt'\n"}
[9.732698] (fast_lio) StdoutLine: {'line': b"reading manifest file 'fast_lio.egg-info/SOURCES.txt'\n"}
[9.733544] (fast_lio) StdoutLine: {'line': b"writing manifest file 'fast_lio.egg-info/SOURCES.txt'\n"}
[9.751468] (-) TimerEvent: {}
[9.811448] (fast_lio) StdoutLine: {'line': b'[  8%] Built target fast_lio__rs\n'}
[9.819062] (fast_lio) StdoutLine: {'line': b'[  8%] Built target ament_cmake_python_build_fast_lio_egg\n'}
[9.851781] (-) TimerEvent: {}
[9.856573] (fast_lio) StdoutLine: {'line': b'[  8%] Built target fast_lio__cpp\n'}
[9.857103] (fast_lio) StdoutLine: {'line': b'[ 11%] \x1b[32mBuilding C object CMakeFiles/fast_lio__rosidl_generator_c.dir/rosidl_generator_c/fast_lio/msg/detail/pose6_d__functions.c.o\x1b[0m\n'}
[9.876869] (fast_lio) StdoutLine: {'line': b'[ 13%] \x1b[34m\x1b[1mGenerating C++ type support dispatch for ROS interfaces\x1b[0m\n'}
[9.877328] (fast_lio) StdoutLine: {'line': b'[ 16%] \x1b[34m\x1b[1mGenerating C++ type support for eProsima Fast-RTPS\x1b[0m\n'}
[9.877516] (fast_lio) StdoutLine: {'line': b'[ 19%] \x1b[34m\x1b[1mGenerating C++ introspection for ROS interfaces\x1b[0m\n'}
[9.951877] (-) TimerEvent: {}
[10.044716] (fast_lio) StdoutLine: {'line': b'[ 22%] \x1b[32m\x1b[1mLinking C shared library libfast_lio__rosidl_generator_c.so\x1b[0m\n'}
[10.051986] (-) TimerEvent: {}
[10.106720] (fast_lio) StdoutLine: {'line': b'[ 22%] Built target fast_lio__rosidl_generator_c\n'}
[10.124858] (fast_lio) StdoutLine: {'line': b'[ 30%] \x1b[34m\x1b[1mGenerating C type support for eProsima Fast-RTPS\x1b[0m\n'}
[10.125254] (fast_lio) StdoutLine: {'line': b'[ 30%] \x1b[34m\x1b[1mGenerating C introspection for ROS interfaces\x1b[0m\n'}
[10.125530] (fast_lio) StdoutLine: {'line': b'[ 30%] \x1b[34m\x1b[1mGenerating C type support dispatch for ROS interfaces\x1b[0m\n'}
[10.152136] (-) TimerEvent: {}
[10.252724] (-) TimerEvent: {}
[10.353290] (-) TimerEvent: {}
[10.373730] (fast_lio) StdoutLine: {'line': b'[ 33%] \x1b[32mBuilding CXX object CMakeFiles/fast_lio__rosidl_typesupport_cpp.dir/rosidl_typesupport_cpp/fast_lio/msg/pose6_d__type_support.cpp.o\x1b[0m\n'}
[10.444053] (fast_lio) StdoutLine: {'line': b'[ 36%] \x1b[32mBuilding CXX object CMakeFiles/fast_lio__rosidl_typesupport_fastrtps_cpp.dir/rosidl_typesupport_fastrtps_cpp/fast_lio/msg/detail/dds_fastrtps/pose6_d__type_support.cpp.o\x1b[0m\n'}
[10.453478] (-) TimerEvent: {}
[10.503164] (fast_lio) StdoutLine: {'line': b'[ 38%] \x1b[32mBuilding CXX object CMakeFiles/fast_lio__rosidl_typesupport_introspection_cpp.dir/rosidl_typesupport_introspection_cpp/fast_lio/msg/detail/pose6_d__type_support.cpp.o\x1b[0m\n'}
[10.553632] (-) TimerEvent: {}
[10.644323] (fast_lio) StdoutLine: {'line': b'[ 41%] \x1b[32mBuilding CXX object CMakeFiles/fast_lio__rosidl_typesupport_c.dir/rosidl_typesupport_c/fast_lio/msg/pose6_d__type_support.cpp.o\x1b[0m\n'}
[10.653844] (-) TimerEvent: {}
[10.680262] (fast_lio) StdoutLine: {'line': b'[ 44%] \x1b[32mBuilding C object CMakeFiles/fast_lio__rosidl_typesupport_introspection_c.dir/rosidl_typesupport_introspection_c/fast_lio/msg/detail/pose6_d__type_support.c.o\x1b[0m\n'}
[10.711581] (fast_lio) StdoutLine: {'line': b'[ 47%] \x1b[32m\x1b[1mLinking CXX shared library libfast_lio__rosidl_typesupport_c.so\x1b[0m\n'}
[10.733207] (fast_lio) StdoutLine: {'line': b'[ 50%] \x1b[32mBuilding CXX object CMakeFiles/fast_lio__rosidl_typesupport_fastrtps_c.dir/rosidl_typesupport_fastrtps_c/fast_lio/msg/detail/pose6_d__type_support_c.cpp.o\x1b[0m\n'}
[10.754054] (-) TimerEvent: {}
[10.792129] (fast_lio) StdoutLine: {'line': b'[ 50%] Built target fast_lio__rosidl_typesupport_c\n'}
[10.820793] (fast_lio) StdoutLine: {'line': b'[ 52%] \x1b[32m\x1b[1mLinking C shared library libfast_lio__rosidl_typesupport_introspection_c.so\x1b[0m\n'}
[10.854265] (-) TimerEvent: {}
[10.877937] (fast_lio) StdoutLine: {'line': b'[ 52%] Built target fast_lio__rosidl_typesupport_introspection_c\n'}
[10.924741] (fast_lio) StdoutLine: {'line': b'[ 55%] \x1b[32m\x1b[1mLinking CXX shared library libfast_lio__rosidl_typesupport_cpp.so\x1b[0m\n'}
[10.954421] (-) TimerEvent: {}
[10.994931] (fast_lio) StdoutLine: {'line': b'[ 55%] Built target fast_lio__rosidl_typesupport_cpp\n'}
[11.038949] (fast_lio) StdoutLine: {'line': b'[ 58%] \x1b[32mBuilding CXX object CMakeFiles/fastlio_mapping.dir/include/ikd-Tree/ikd_Tree.cpp.o\x1b[0m\n'}
[11.039680] (fast_lio) StdoutLine: {'line': b'[ 61%] \x1b[32mBuilding CXX object CMakeFiles/fastlio_mapping.dir/src/laserMapping.cpp.o\x1b[0m\n'}
[11.054595] (-) TimerEvent: {}
[11.056608] (fast_lio) StdoutLine: {'line': b'[ 63%] \x1b[32mBuilding CXX object CMakeFiles/fastlio_mapping.dir/src/preprocess.cpp.o\x1b[0m\n'}
[11.155162] (-) TimerEvent: {}
[11.245838] (fast_lio) StdoutLine: {'line': b'[ 66%] \x1b[32m\x1b[1mLinking CXX shared library libfast_lio__rosidl_typesupport_fastrtps_cpp.so\x1b[0m\n'}
[11.255338] (-) TimerEvent: {}
[11.355986] (-) TimerEvent: {}
[11.405864] (fast_lio) StdoutLine: {'line': b'[ 66%] Built target fast_lio__rosidl_typesupport_fastrtps_cpp\n'}
[11.415375] (fast_lio) StdoutLine: {'line': b'[ 72%] \x1b[32m\x1b[1mLinking CXX shared library libfast_lio__rosidl_typesupport_fastrtps_c.so\x1b[0m\n'}
[11.415841] (fast_lio) StdoutLine: {'line': b'[ 72%] \x1b[32m\x1b[1mLinking CXX shared library libfast_lio__rosidl_typesupport_introspection_cpp.so\x1b[0m\n'}
[11.456156] (-) TimerEvent: {}
[11.483737] (fast_lio) StdoutLine: {'line': b'[ 72%] Built target fast_lio__rosidl_typesupport_introspection_cpp\n'}
[11.556330] (-) TimerEvent: {}
[11.565041] (fast_lio) StdoutLine: {'line': b'[ 72%] Built target fast_lio__rosidl_typesupport_fastrtps_c\n'}
[11.602867] (fast_lio) StdoutLine: {'line': b'[ 72%] Built target fast_lio\n'}
[11.639678] (fast_lio) StdoutLine: {'line': b'[ 75%] \x1b[34m\x1b[1mGenerating Python code for ROS interfaces\x1b[0m\n'}
[11.656473] (-) TimerEvent: {}
[11.757016] (-) TimerEvent: {}
[11.857572] (-) TimerEvent: {}
[11.958142] (-) TimerEvent: {}
[12.058781] (-) TimerEvent: {}
[12.159368] (-) TimerEvent: {}
[12.259966] (-) TimerEvent: {}
[12.360565] (-) TimerEvent: {}
[12.373699] (fast_lio) StdoutLine: {'line': b'[ 75%] Built target fast_lio__py\n'}
[12.414618] (fast_lio) StdoutLine: {'line': b'[ 77%] \x1b[32mBuilding C object CMakeFiles/fast_lio__rosidl_generator_py.dir/rosidl_generator_py/fast_lio/msg/_pose6_d_s.c.o\x1b[0m\n'}
[12.460730] (-) TimerEvent: {}
[12.561348] (-) TimerEvent: {}
[12.661973] (-) TimerEvent: {}
[12.691498] (fast_lio) StdoutLine: {'line': b'[ 80%] \x1b[32m\x1b[1mLinking C shared library rosidl_generator_py/fast_lio/libfast_lio__rosidl_generator_py.so\x1b[0m\n'}
[12.755980] (fast_lio) StdoutLine: {'line': b'[ 80%] Built target fast_lio__rosidl_generator_py\n'}
[12.762150] (-) TimerEvent: {}
[12.795784] (fast_lio) StdoutLine: {'line': b'[ 83%] \x1b[32mBuilding C object CMakeFiles/fast_lio__rosidl_typesupport_c__pyext.dir/rosidl_generator_py/fast_lio/_fast_lio_s.ep.rosidl_typesupport_c.c.o\x1b[0m\n'}
[12.801193] (fast_lio) StdoutLine: {'line': b'[ 86%] \x1b[32mBuilding C object CMakeFiles/fast_lio__rosidl_typesupport_introspection_c__pyext.dir/rosidl_generator_py/fast_lio/_fast_lio_s.ep.rosidl_typesupport_introspection_c.c.o\x1b[0m\n'}
[12.802035] (fast_lio) StdoutLine: {'line': b'[ 88%] \x1b[32mBuilding C object CMakeFiles/fast_lio__rosidl_typesupport_fastrtps_c__pyext.dir/rosidl_generator_py/fast_lio/_fast_lio_s.ep.rosidl_typesupport_fastrtps_c.c.o\x1b[0m\n'}
[12.862349] (-) TimerEvent: {}
[12.963017] (-) TimerEvent: {}
[13.001425] (fast_lio) StdoutLine: {'line': b'[ 91%] \x1b[32m\x1b[1mLinking C shared library rosidl_generator_py/fast_lio/fast_lio_s__rosidl_typesupport_c.cpython-310-aarch64-linux-gnu.so\x1b[0m\n'}
[13.009877] (fast_lio) StdoutLine: {'line': b'[ 94%] \x1b[32m\x1b[1mLinking C shared library rosidl_generator_py/fast_lio/fast_lio_s__rosidl_typesupport_introspection_c.cpython-310-aarch64-linux-gnu.so\x1b[0m\n'}
[13.048575] (fast_lio) StdoutLine: {'line': b'[ 97%] \x1b[32m\x1b[1mLinking C shared library rosidl_generator_py/fast_lio/fast_lio_s__rosidl_typesupport_fastrtps_c.cpython-310-aarch64-linux-gnu.so\x1b[0m\n'}
[13.061110] (fast_lio) StdoutLine: {'line': b'[ 97%] Built target fast_lio__rosidl_typesupport_c__pyext\n'}
[13.063087] (-) TimerEvent: {}
[13.073915] (fast_lio) StdoutLine: {'line': b'[ 97%] Built target fast_lio__rosidl_typesupport_introspection_c__pyext\n'}
[13.108231] (fast_lio) StdoutLine: {'line': b'[ 97%] Built target fast_lio__rosidl_typesupport_fastrtps_c__pyext\n'}
[13.163291] (-) TimerEvent: {}
[13.263944] (-) TimerEvent: {}
[13.364586] (-) TimerEvent: {}
[13.465216] (-) TimerEvent: {}
[13.565862] (-) TimerEvent: {}
[13.666509] (-) TimerEvent: {}
[13.767135] (-) TimerEvent: {}
[13.867748] (-) TimerEvent: {}
[13.968554] (-) TimerEvent: {}
[14.069205] (-) TimerEvent: {}
[14.169953] (-) TimerEvent: {}
[14.270834] (-) TimerEvent: {}
[14.371488] (-) TimerEvent: {}
[14.472148] (-) TimerEvent: {}
[14.572792] (-) TimerEvent: {}
[14.673455] (-) TimerEvent: {}
[14.774106] (-) TimerEvent: {}
[14.874824] (-) TimerEvent: {}
[14.975462] (-) TimerEvent: {}
[15.076120] (-) TimerEvent: {}
[15.176791] (-) TimerEvent: {}
[15.277420] (-) TimerEvent: {}
[15.378068] (-) TimerEvent: {}
[15.478743] (-) TimerEvent: {}
[15.579397] (-) TimerEvent: {}
[15.680060] (-) TimerEvent: {}
[15.780739] (-) TimerEvent: {}
[15.881428] (-) TimerEvent: {}
[15.982138] (-) TimerEvent: {}
[16.082837] (-) TimerEvent: {}
[16.183496] (-) TimerEvent: {}
[16.284158] (-) TimerEvent: {}
[16.384806] (-) TimerEvent: {}
[16.485480] (-) TimerEvent: {}
[16.586141] (-) TimerEvent: {}
[16.686831] (-) TimerEvent: {}
[16.787437] (-) TimerEvent: {}
[16.888044] (-) TimerEvent: {}
[16.988671] (-) TimerEvent: {}
[17.089312] (-) TimerEvent: {}
[17.189961] (-) TimerEvent: {}
[17.290626] (-) TimerEvent: {}
[17.391264] (-) TimerEvent: {}
[17.491916] (-) TimerEvent: {}
[17.592596] (-) TimerEvent: {}
[17.693237] (-) TimerEvent: {}
[17.793888] (-) TimerEvent: {}
[17.894605] (-) TimerEvent: {}
[17.995300] (-) TimerEvent: {}
[18.095982] (-) TimerEvent: {}
[18.196645] (-) TimerEvent: {}
[18.297297] (-) TimerEvent: {}
[18.397963] (-) TimerEvent: {}
[18.498635] (-) TimerEvent: {}
[18.599281] (-) TimerEvent: {}
[18.699955] (-) TimerEvent: {}
[18.800622] (-) TimerEvent: {}
[18.901331] (-) TimerEvent: {}
[19.002027] (-) TimerEvent: {}
[19.102715] (-) TimerEvent: {}
[19.203390] (-) TimerEvent: {}
[19.304078] (-) TimerEvent: {}
[19.404755] (-) TimerEvent: {}
[19.505459] (-) TimerEvent: {}
[19.606122] (-) TimerEvent: {}
[19.706798] (-) TimerEvent: {}
[19.807473] (-) TimerEvent: {}
[19.908169] (-) TimerEvent: {}
[20.008899] (-) TimerEvent: {}
[20.109566] (-) TimerEvent: {}
[20.210340] (-) TimerEvent: {}
[20.310990] (-) TimerEvent: {}
[20.411635] (-) TimerEvent: {}
[20.512270] (-) TimerEvent: {}
[20.612908] (-) TimerEvent: {}
[20.713545] (-) TimerEvent: {}
[20.814232] (-) TimerEvent: {}
[20.914903] (-) TimerEvent: {}
[21.015552] (-) TimerEvent: {}
[21.116178] (-) TimerEvent: {}
[21.216890] (-) TimerEvent: {}
[21.317553] (-) TimerEvent: {}
[21.418234] (-) TimerEvent: {}
[21.518859] (-) TimerEvent: {}
[21.619492] (-) TimerEvent: {}
[21.720133] (-) TimerEvent: {}
[21.820856] (-) TimerEvent: {}
[21.921502] (-) TimerEvent: {}
[22.022138] (-) TimerEvent: {}
[22.122820] (-) TimerEvent: {}
[22.223505] (-) TimerEvent: {}
[22.324171] (-) TimerEvent: {}
[22.424829] (-) TimerEvent: {}
[22.525504] (-) TimerEvent: {}
[22.626187] (-) TimerEvent: {}
[22.726841] (-) TimerEvent: {}
[22.827496] (-) TimerEvent: {}
[22.928168] (-) TimerEvent: {}
[23.028850] (-) TimerEvent: {}
[23.129480] (-) TimerEvent: {}
[23.230136] (-) TimerEvent: {}
[23.330796] (-) TimerEvent: {}
[23.431455] (-) TimerEvent: {}
[23.532108] (-) TimerEvent: {}
[23.632770] (-) TimerEvent: {}
[23.733404] (-) TimerEvent: {}
[23.834070] (-) TimerEvent: {}
[23.934742] (-) TimerEvent: {}
[23.971974] (fast_lio) StderrLine: {'line': b'In file included from \x1b[01m\x1b[K/usr/include/boost/smart_ptr/detail/sp_thread_sleep.hpp:22\x1b[m\x1b[K,\n'}
[23.972446] (fast_lio) StderrLine: {'line': b'                 from \x1b[01m\x1b[K/usr/include/boost/smart_ptr/detail/yield_k.hpp:23\x1b[m\x1b[K,\n'}
[23.972573] (fast_lio) StderrLine: {'line': b'                 from \x1b[01m\x1b[K/usr/include/boost/smart_ptr/detail/spinlock_gcc_atomic.hpp:14\x1b[m\x1b[K,\n'}
[23.972673] (fast_lio) StderrLine: {'line': b'                 from \x1b[01m\x1b[K/usr/include/boost/smart_ptr/detail/spinlock.hpp:42\x1b[m\x1b[K,\n'}
[23.972765] (fast_lio) StderrLine: {'line': b'                 from \x1b[01m\x1b[K/usr/include/boost/smart_ptr/detail/spinlock_pool.hpp:25\x1b[m\x1b[K,\n'}
[23.972853] (fast_lio) StderrLine: {'line': b'                 from \x1b[01m\x1b[K/usr/include/boost/smart_ptr/shared_ptr.hpp:29\x1b[m\x1b[K,\n'}
[23.972939] (fast_lio) StderrLine: {'line': b'                 from \x1b[01m\x1b[K/usr/include/boost/shared_ptr.hpp:17\x1b[m\x1b[K,\n'}
[23.973025] (fast_lio) StderrLine: {'line': b'                 from \x1b[01m\x1b[K/usr/include/boost/date_time/microsec_time_clock.hpp:18\x1b[m\x1b[K,\n'}
[23.973110] (fast_lio) StderrLine: {'line': b'                 from \x1b[01m\x1b[K/usr/include/boost/interprocess/detail/posix_time_types_wrk.hpp:31\x1b[m\x1b[K,\n'}
[23.973194] (fast_lio) StderrLine: {'line': b'                 from \x1b[01m\x1b[K/usr/include/boost/interprocess/detail/os_thread_functions.hpp:36\x1b[m\x1b[K,\n'}
[23.973277] (fast_lio) StderrLine: {'line': b'                 from \x1b[01m\x1b[K/usr/include/boost/interprocess/sync/file_lock.hpp:26\x1b[m\x1b[K,\n'}
[23.973360] (fast_lio) StderrLine: {'line': b'                 from \x1b[01m\x1b[K/usr/include/pcl-1.12/pcl/io/pcd_io.h:46\x1b[m\x1b[K,\n'}
[23.973443] (fast_lio) StderrLine: {'line': b'                 from \x1b[01m\x1b[K/opt/ros/humble/include/pcl_conversions/pcl_conversions/pcl_conversions.h:73\x1b[m\x1b[K,\n'}
[23.973528] (fast_lio) StderrLine: {'line': b'                 from \x1b[01m\x1b[K/home/amov/lio_ws/src/FAST_LIO_ROS2/src/IMU_Processing.hpp:18\x1b[m\x1b[K,\n'}
[23.973610] (fast_lio) StderrLine: {'line': b'                 from \x1b[01m\x1b[K/home/amov/lio_ws/src/FAST_LIO_ROS2/src/laserMapping.cpp:47\x1b[m\x1b[K:\n'}
[23.973692] (fast_lio) StderrLine: {'line': b'\x1b[01m\x1b[K/usr/include/boost/bind.hpp:36:1:\x1b[m\x1b[K \x1b[01;36m\x1b[Knote: \x1b[m\x1b[K\xe2\x80\x98\x1b[01m\x1b[K#pragma message: The practice of declaring the Bind placeholders (_1, _2, ...) in the global namespace is deprecated. Please use <boost/bind/bind.hpp> + using namespace boost::placeholders, or define BOOST_BIND_GLOBAL_PLACEHOLDERS to retain the current behavior.\x1b[m\x1b[K\xe2\x80\x99\n'}
[23.973820] (fast_lio) StderrLine: {'line': b'   36 | \x1b[01;36m\x1b[KBOOST_PRAGMA_MESSAGE\x1b[m\x1b[K(\n'}
[23.973909] (fast_lio) StderrLine: {'line': b'      | \x1b[01;36m\x1b[K^~~~~~~~~~~~~~~~~~~~\x1b[m\x1b[K\n'}
[24.034903] (-) TimerEvent: {}
[24.135514] (-) TimerEvent: {}
[24.236096] (-) TimerEvent: {}
[24.336736] (-) TimerEvent: {}
[24.437370] (-) TimerEvent: {}
[24.538021] (-) TimerEvent: {}
[24.638665] (-) TimerEvent: {}
[24.739357] (-) TimerEvent: {}
[24.840004] (-) TimerEvent: {}
[24.940648] (-) TimerEvent: {}
[25.041324] (-) TimerEvent: {}
[25.141987] (-) TimerEvent: {}
[25.242652] (-) TimerEvent: {}
[25.343290] (-) TimerEvent: {}
[25.443924] (-) TimerEvent: {}
[25.544552] (-) TimerEvent: {}
[25.645192] (-) TimerEvent: {}
[25.745843] (-) TimerEvent: {}
[25.846491] (-) TimerEvent: {}
[25.947155] (-) TimerEvent: {}
[26.047806] (-) TimerEvent: {}
[26.148469] (-) TimerEvent: {}
[26.249126] (-) TimerEvent: {}
[26.349793] (-) TimerEvent: {}
[26.450456] (-) TimerEvent: {}
[26.551062] (-) TimerEvent: {}
[26.651682] (-) TimerEvent: {}
[26.752350] (-) TimerEvent: {}
[26.853046] (-) TimerEvent: {}
[26.953719] (-) TimerEvent: {}
[27.054411] (-) TimerEvent: {}
[27.155053] (-) TimerEvent: {}
[27.255722] (-) TimerEvent: {}
[27.356391] (-) TimerEvent: {}
[27.457031] (-) TimerEvent: {}
[27.557675] (-) TimerEvent: {}
[27.658322] (-) TimerEvent: {}
[27.758966] (-) TimerEvent: {}
[27.859660] (-) TimerEvent: {}
[27.960289] (-) TimerEvent: {}
[28.060930] (-) TimerEvent: {}
[28.161582] (-) TimerEvent: {}
[28.262257] (-) TimerEvent: {}
[28.362908] (-) TimerEvent: {}
[28.463548] (-) TimerEvent: {}
[28.564308] (-) TimerEvent: {}
[28.664998] (-) TimerEvent: {}
[28.765670] (-) TimerEvent: {}
[28.866358] (-) TimerEvent: {}
[28.967121] (-) TimerEvent: {}
[29.067786] (-) TimerEvent: {}
[29.168438] (-) TimerEvent: {}
[29.269080] (-) TimerEvent: {}
[29.369748] (-) TimerEvent: {}
[29.470485] (-) TimerEvent: {}
[29.571142] (-) TimerEvent: {}
[29.671799] (-) TimerEvent: {}
[29.772460] (-) TimerEvent: {}
[29.873105] (-) TimerEvent: {}
[29.973875] (-) TimerEvent: {}
[30.074548] (-) TimerEvent: {}
[30.175194] (-) TimerEvent: {}
[30.275863] (-) TimerEvent: {}
[30.376510] (-) TimerEvent: {}
[30.477181] (-) TimerEvent: {}
[30.577836] (-) TimerEvent: {}
[30.678578] (-) TimerEvent: {}
[30.779261] (-) TimerEvent: {}
[30.879970] (-) TimerEvent: {}
[30.980648] (-) TimerEvent: {}
[31.081431] (-) TimerEvent: {}
[31.182213] (-) TimerEvent: {}
[31.282985] (-) TimerEvent: {}
[31.383777] (-) TimerEvent: {}
[31.484447] (-) TimerEvent: {}
[31.585104] (-) TimerEvent: {}
[31.685769] (-) TimerEvent: {}
[31.786476] (-) TimerEvent: {}
[31.887276] (-) TimerEvent: {}
[31.988050] (-) TimerEvent: {}
[32.088734] (-) TimerEvent: {}
[32.196940] (-) TimerEvent: {}
[32.297648] (-) TimerEvent: {}
[32.398321] (-) TimerEvent: {}
[32.499014] (-) TimerEvent: {}
[32.599686] (-) TimerEvent: {}
[32.700323] (-) TimerEvent: {}
[32.801235] (-) TimerEvent: {}
[32.902082] (-) TimerEvent: {}
[33.002727] (-) TimerEvent: {}
[33.103384] (-) TimerEvent: {}
[33.204072] (-) TimerEvent: {}
[33.304775] (-) TimerEvent: {}
[33.405456] (-) TimerEvent: {}
[33.506122] (-) TimerEvent: {}
[33.606788] (-) TimerEvent: {}
[33.707445] (-) TimerEvent: {}
[33.808140] (-) TimerEvent: {}
[33.908827] (-) TimerEvent: {}
[34.009610] (-) TimerEvent: {}
[34.110312] (-) TimerEvent: {}
[34.210959] (-) TimerEvent: {}
[34.311608] (-) TimerEvent: {}
[34.412290] (-) TimerEvent: {}
[34.512973] (-) TimerEvent: {}
[34.613675] (-) TimerEvent: {}
[34.714528] (-) TimerEvent: {}
[34.815346] (-) TimerEvent: {}
[34.916162] (-) TimerEvent: {}
[35.016976] (-) TimerEvent: {}
[35.117798] (-) TimerEvent: {}
[35.218643] (-) TimerEvent: {}
[35.319454] (-) TimerEvent: {}
[35.420250] (-) TimerEvent: {}
[35.521060] (-) TimerEvent: {}
[35.621867] (-) TimerEvent: {}
[35.722704] (-) TimerEvent: {}
[35.823516] (-) TimerEvent: {}
[35.924325] (-) TimerEvent: {}
[36.025133] (-) TimerEvent: {}
[36.125928] (-) TimerEvent: {}
[36.226776] (-) TimerEvent: {}
[36.327606] (-) TimerEvent: {}
[36.403341] (fast_lio) StderrLine: {'line': b'In file included from \x1b[01m\x1b[K/home/amov/lio_ws/src/FAST_LIO_ROS2/include/IKFoM_toolkit/esekfom/../mtk/types/SOn.hpp:83\x1b[m\x1b[K,\n'}
[36.404003] (fast_lio) StderrLine: {'line': b'                 from \x1b[01m\x1b[K/home/amov/lio_ws/src/FAST_LIO_ROS2/include/IKFoM_toolkit/esekfom/esekfom.hpp:49\x1b[m\x1b[K,\n'}
[36.404285] (fast_lio) StderrLine: {'line': b'                 from \x1b[01m\x1b[K/home/amov/lio_ws/src/FAST_LIO_ROS2/include/use-ikfom.hpp:4\x1b[m\x1b[K,\n'}
[36.404582] (fast_lio) StderrLine: {'line': b'                 from \x1b[01m\x1b[K/home/amov/lio_ws/src/FAST_LIO_ROS2/src/IMU_Processing.hpp:22\x1b[m\x1b[K,\n'}
[36.404818] (fast_lio) StderrLine: {'line': b'                 from \x1b[01m\x1b[K/home/amov/lio_ws/src/FAST_LIO_ROS2/src/laserMapping.cpp:47\x1b[m\x1b[K:\n'}
[36.405041] (fast_lio) StderrLine: {'line': b'/home/amov/lio_ws/src/FAST_LIO_ROS2/include/IKFoM_toolkit/esekfom/../mtk/types/../src/mtkmath.hpp: In instantiation of \xe2\x80\x98\x1b[01m\x1b[Kstd::pair<_FIter, _FIter> MTK::cos_sinc_sqrt(const scalar&) [with scalar = double]\x1b[m\x1b[K\xe2\x80\x99:\n'}
[36.405264] (fast_lio) StderrLine: {'line': b'\x1b[01m\x1b[K/home/amov/lio_ws/src/FAST_LIO_ROS2/include/IKFoM_toolkit/esekfom/../mtk/types/../src/mtkmath.hpp:252:52:\x1b[m\x1b[K   required from \xe2\x80\x98\x1b[01m\x1b[Kscalar MTK::exp(MTK::vectview<scalar, dim>, MTK::vectview<const scalar, dim>, const scalar&) [with scalar = double; int n = 3]\x1b[m\x1b[K\xe2\x80\x99\n'}
[36.405495] (fast_lio) StderrLine: {'line': b'\x1b[01m\x1b[K/home/amov/lio_ws/src/FAST_LIO_ROS2/include/IKFoM_toolkit/esekfom/../mtk/types/S2.hpp:140:32:\x1b[m\x1b[K   required from \xe2\x80\x98\x1b[01m\x1b[Kvoid MTK::S2<_scalar, den, num, S2_typ>::boxplus(MTK::vectview<const _scalar, 2>, MTK::S2<_scalar, den, num, S2_typ>::scalar) [with _scalar = double; int den = 98090; int num = 10000; int S2_typ = 1; MTK::S2<_scalar, den, num, S2_typ>::scalar = double]\x1b[m\x1b[K\xe2\x80\x99\n'}
[36.405729] (fast_lio) StderrLine: {'line': b'\x1b[01m\x1b[K/home/amov/lio_ws/src/FAST_LIO_ROS2/include/use-ikfom.hpp:12:1:\x1b[m\x1b[K   required from here\n'}
[36.405942] (fast_lio) StderrLine: {'line': b'\x1b[01m\x1b[K/home/amov/lio_ws/src/FAST_LIO_ROS2/include/IKFoM_toolkit/esekfom/../mtk/types/../src/mtkmath.hpp:143:27:\x1b[m\x1b[K \x1b[01;36m\x1b[Knote: \x1b[m\x1b[Kparameter passing for argument of type \xe2\x80\x98\x1b[01m\x1b[Kstd::pair<double, double>\x1b[m\x1b[K\xe2\x80\x99 when C++17 is enabled changed to match C++14 \x1b]8;;https://gcc.gnu.org/gcc-10/changes.html#empty_base\x07in GCC 10.1\x1b]8;;\x07\n'}
[36.406224] (fast_lio) StderrLine: {'line': b'  143 | std::pair<scalar, scalar> \x1b[01;36m\x1b[Kcos_sinc_sqrt\x1b[m\x1b[K(const scalar &x2){\n'}
[36.406456] (fast_lio) StderrLine: {'line': b'      |                           \x1b[01;36m\x1b[K^~~~~~~~~~~~~\x1b[m\x1b[K\n'}
[36.427665] (-) TimerEvent: {}
[36.528216] (-) TimerEvent: {}
[36.628902] (-) TimerEvent: {}
[36.729756] (-) TimerEvent: {}
[36.830583] (-) TimerEvent: {}
[36.931382] (-) TimerEvent: {}
[37.032200] (-) TimerEvent: {}
[37.133014] (-) TimerEvent: {}
[37.233822] (-) TimerEvent: {}
[37.334653] (-) TimerEvent: {}
[37.435469] (-) TimerEvent: {}
[37.536275] (-) TimerEvent: {}
[37.637070] (-) TimerEvent: {}
[37.737863] (-) TimerEvent: {}
[37.838692] (-) TimerEvent: {}
[37.939487] (-) TimerEvent: {}
[38.040273] (-) TimerEvent: {}
[38.141091] (-) TimerEvent: {}
[38.241905] (-) TimerEvent: {}
[38.342734] (-) TimerEvent: {}
[38.443511] (-) TimerEvent: {}
[38.544352] (-) TimerEvent: {}
[38.645011] (-) TimerEvent: {}
[38.745809] (-) TimerEvent: {}
[38.846635] (-) TimerEvent: {}
[38.947435] (-) TimerEvent: {}
[39.048237] (-) TimerEvent: {}
[39.149018] (-) TimerEvent: {}
[39.249737] (-) TimerEvent: {}
[39.350585] (-) TimerEvent: {}
[39.451405] (-) TimerEvent: {}
[39.552212] (-) TimerEvent: {}
[39.653007] (-) TimerEvent: {}
[39.753823] (-) TimerEvent: {}
[39.854679] (-) TimerEvent: {}
[39.955486] (-) TimerEvent: {}
[40.056322] (-) TimerEvent: {}
[40.157138] (-) TimerEvent: {}
[40.257950] (-) TimerEvent: {}
[40.358788] (-) TimerEvent: {}
[40.459600] (-) TimerEvent: {}
[40.560419] (-) TimerEvent: {}
[40.661215] (-) TimerEvent: {}
[40.762003] (-) TimerEvent: {}
[40.862830] (-) TimerEvent: {}
[40.963629] (-) TimerEvent: {}
[41.064428] (-) TimerEvent: {}
[41.165233] (-) TimerEvent: {}
[41.266043] (-) TimerEvent: {}
[41.366836] (-) TimerEvent: {}
[41.467482] (-) TimerEvent: {}
[41.568125] (-) TimerEvent: {}
[41.668726] (-) TimerEvent: {}
[41.769341] (-) TimerEvent: {}
[41.870050] (-) TimerEvent: {}
[41.970700] (-) TimerEvent: {}
[42.071332] (-) TimerEvent: {}
[42.171968] (-) TimerEvent: {}
[42.272865] (-) TimerEvent: {}
[42.373525] (-) TimerEvent: {}
[42.474180] (-) TimerEvent: {}
[42.574822] (-) TimerEvent: {}
[42.675458] (-) TimerEvent: {}
[42.776079] (-) TimerEvent: {}
[42.876808] (-) TimerEvent: {}
[42.977786] (-) TimerEvent: {}
[43.078629] (-) TimerEvent: {}
[43.179465] (-) TimerEvent: {}
[43.280268] (-) TimerEvent: {}
[43.381075] (-) TimerEvent: {}
[43.481927] (-) TimerEvent: {}
[43.582744] (-) TimerEvent: {}
[43.683554] (-) TimerEvent: {}
[43.784375] (-) TimerEvent: {}
[43.885180] (-) TimerEvent: {}
[43.985969] (-) TimerEvent: {}
[44.086758] (-) TimerEvent: {}
[44.187454] (-) TimerEvent: {}
[44.288089] (-) TimerEvent: {}
[44.388760] (-) TimerEvent: {}
[44.489581] (-) TimerEvent: {}
[44.590400] (-) TimerEvent: {}
[44.691200] (-) TimerEvent: {}
[44.792029] (-) TimerEvent: {}
[44.892851] (-) TimerEvent: {}
[44.993672] (-) TimerEvent: {}
[45.094497] (-) TimerEvent: {}
[45.195278] (-) TimerEvent: {}
[45.295972] (-) TimerEvent: {}
[45.396768] (-) TimerEvent: {}
[45.497567] (-) TimerEvent: {}
[45.598368] (-) TimerEvent: {}
[45.699141] (-) TimerEvent: {}
[45.799870] (-) TimerEvent: {}
[45.900704] (-) TimerEvent: {}
[46.001547] (-) TimerEvent: {}
[46.102353] (-) TimerEvent: {}
[46.203102] (-) TimerEvent: {}
[46.303921] (-) TimerEvent: {}
[46.404730] (-) TimerEvent: {}
[46.505546] (-) TimerEvent: {}
[46.606362] (-) TimerEvent: {}
[46.707164] (-) TimerEvent: {}
[46.807962] (-) TimerEvent: {}
[46.908780] (-) TimerEvent: {}
[47.009585] (-) TimerEvent: {}
[47.110377] (-) TimerEvent: {}
[47.211181] (-) TimerEvent: {}
[47.311983] (-) TimerEvent: {}
[47.412780] (-) TimerEvent: {}
[47.513578] (-) TimerEvent: {}
[47.614383] (-) TimerEvent: {}
[47.715197] (-) TimerEvent: {}
[47.816022] (-) TimerEvent: {}
[47.916837] (-) TimerEvent: {}
[48.017638] (-) TimerEvent: {}
[48.118467] (-) TimerEvent: {}
[48.219289] (-) TimerEvent: {}
[48.320088] (-) TimerEvent: {}
[48.420879] (-) TimerEvent: {}
[48.521696] (-) TimerEvent: {}
[48.622545] (-) TimerEvent: {}
[48.723351] (-) TimerEvent: {}
[48.824150] (-) TimerEvent: {}
[48.924959] (-) TimerEvent: {}
[49.025763] (-) TimerEvent: {}
[49.126561] (-) TimerEvent: {}
[49.227207] (-) TimerEvent: {}
[49.327877] (-) TimerEvent: {}
[49.428569] (-) TimerEvent: {}
[49.529378] (-) TimerEvent: {}
[49.630153] (-) TimerEvent: {}
[49.731009] (-) TimerEvent: {}
[49.831833] (-) TimerEvent: {}
[49.932650] (-) TimerEvent: {}
[50.033527] (-) TimerEvent: {}
[50.134388] (-) TimerEvent: {}
[50.235167] (-) TimerEvent: {}
[50.336021] (-) TimerEvent: {}
[50.436879] (-) TimerEvent: {}
[50.537706] (-) TimerEvent: {}
[50.638551] (-) TimerEvent: {}
[50.739394] (-) TimerEvent: {}
[50.840199] (-) TimerEvent: {}
[50.940928] (-) TimerEvent: {}
[51.041756] (-) TimerEvent: {}
[51.142609] (-) TimerEvent: {}
[51.243411] (-) TimerEvent: {}
[51.344208] (-) TimerEvent: {}
[51.445015] (-) TimerEvent: {}
[51.545829] (-) TimerEvent: {}
[51.646651] (-) TimerEvent: {}
[51.747518] (-) TimerEvent: {}
[51.848190] (-) TimerEvent: {}
[51.948988] (-) TimerEvent: {}
[52.049797] (-) TimerEvent: {}
[52.150637] (-) TimerEvent: {}
[52.251450] (-) TimerEvent: {}
[52.352259] (-) TimerEvent: {}
[52.453075] (-) TimerEvent: {}
[52.553881] (-) TimerEvent: {}
[52.654677] (-) TimerEvent: {}
[52.755339] (-) TimerEvent: {}
[52.856146] (-) TimerEvent: {}
[52.956947] (-) TimerEvent: {}
[53.057746] (-) TimerEvent: {}
[53.158549] (-) TimerEvent: {}
[53.259351] (-) TimerEvent: {}
[53.360145] (-) TimerEvent: {}
[53.460938] (-) TimerEvent: {}
[53.561738] (-) TimerEvent: {}
[53.662541] (-) TimerEvent: {}
[53.763237] (-) TimerEvent: {}
[53.864060] (-) TimerEvent: {}
[53.964875] (-) TimerEvent: {}
[54.065643] (-) TimerEvent: {}
[54.166253] (-) TimerEvent: {}
[54.266966] (-) TimerEvent: {}
[54.367768] (-) TimerEvent: {}
[54.468575] (-) TimerEvent: {}
[54.569322] (-) TimerEvent: {}
[54.669897] (-) TimerEvent: {}
[54.770494] (-) TimerEvent: {}
[54.871139] (-) TimerEvent: {}
[54.971777] (-) TimerEvent: {}
[55.072442] (-) TimerEvent: {}
[55.173079] (-) TimerEvent: {}
[55.273752] (-) TimerEvent: {}
[55.374410] (-) TimerEvent: {}
[55.475041] (-) TimerEvent: {}
[55.575685] (-) TimerEvent: {}
[55.676303] (-) TimerEvent: {}
[55.776925] (-) TimerEvent: {}
[55.877592] (-) TimerEvent: {}
[55.978257] (-) TimerEvent: {}
[56.078909] (-) TimerEvent: {}
[56.179568] (-) TimerEvent: {}
[56.280210] (-) TimerEvent: {}
[56.380862] (-) TimerEvent: {}
[56.481530] (-) TimerEvent: {}
[56.582192] (-) TimerEvent: {}
[56.682825] (-) TimerEvent: {}
[56.783468] (-) TimerEvent: {}
[56.884110] (-) TimerEvent: {}
[56.984778] (-) TimerEvent: {}
[57.085456] (-) TimerEvent: {}
[57.186115] (-) TimerEvent: {}
[57.286768] (-) TimerEvent: {}
[57.387418] (-) TimerEvent: {}
[57.488059] (-) TimerEvent: {}
[57.588690] (-) TimerEvent: {}
[57.689324] (-) TimerEvent: {}
[57.789973] (-) TimerEvent: {}
[57.890647] (-) TimerEvent: {}
[57.991248] (-) TimerEvent: {}
[58.091872] (-) TimerEvent: {}
[58.192533] (-) TimerEvent: {}
[58.293205] (-) TimerEvent: {}
[58.393870] (-) TimerEvent: {}
[58.494529] (-) TimerEvent: {}
[58.595172] (-) TimerEvent: {}
[58.695824] (-) TimerEvent: {}
[58.796460] (-) TimerEvent: {}
[58.897062] (-) TimerEvent: {}
[58.997630] (-) TimerEvent: {}
[59.098246] (-) TimerEvent: {}
[59.198821] (-) TimerEvent: {}
[59.299458] (-) TimerEvent: {}
[59.400059] (-) TimerEvent: {}
[59.500682] (-) TimerEvent: {}
[59.601347] (-) TimerEvent: {}
[59.702099] (-) TimerEvent: {}
[59.802720] (-) TimerEvent: {}
[59.903299] (-) TimerEvent: {}
[60.003913] (-) TimerEvent: {}
[60.104575] (-) TimerEvent: {}
[60.205216] (-) TimerEvent: {}
[60.305854] (-) TimerEvent: {}
[60.406524] (-) TimerEvent: {}
[60.507172] (-) TimerEvent: {}
[60.607849] (-) TimerEvent: {}
[60.708580] (-) TimerEvent: {}
[60.809238] (-) TimerEvent: {}
[60.909910] (-) TimerEvent: {}
[61.010589] (-) TimerEvent: {}
[61.111229] (-) TimerEvent: {}
[61.211845] (-) TimerEvent: {}
[61.312439] (-) TimerEvent: {}
[61.413038] (-) TimerEvent: {}
[61.513682] (-) TimerEvent: {}
[61.614346] (-) TimerEvent: {}
[61.715009] (-) TimerEvent: {}
[61.815650] (-) TimerEvent: {}
[61.916304] (-) TimerEvent: {}
[62.016956] (-) TimerEvent: {}
[62.117642] (-) TimerEvent: {}
[62.218305] (-) TimerEvent: {}
[62.318950] (-) TimerEvent: {}
[62.419592] (-) TimerEvent: {}
[62.520261] (-) TimerEvent: {}
[62.620920] (-) TimerEvent: {}
[62.721578] (-) TimerEvent: {}
[62.822262] (-) TimerEvent: {}
[62.922919] (-) TimerEvent: {}
[63.023572] (-) TimerEvent: {}
[63.124220] (-) TimerEvent: {}
[63.224878] (-) TimerEvent: {}
[63.325530] (-) TimerEvent: {}
[63.426211] (-) TimerEvent: {}
[63.526863] (-) TimerEvent: {}
[63.627529] (-) TimerEvent: {}
[63.728177] (-) TimerEvent: {}
[63.828826] (-) TimerEvent: {}
[63.929475] (-) TimerEvent: {}
[64.030127] (-) TimerEvent: {}
[64.131246] (-) TimerEvent: {}
[64.231936] (-) TimerEvent: {}
[64.332708] (-) TimerEvent: {}
[64.433387] (-) TimerEvent: {}
[64.534039] (-) TimerEvent: {}
[64.634709] (-) TimerEvent: {}
[64.735351] (-) TimerEvent: {}
[64.836059] (-) TimerEvent: {}
[64.936797] (-) TimerEvent: {}
[65.037479] (-) TimerEvent: {}
[65.138393] (-) TimerEvent: {}
[65.239034] (-) TimerEvent: {}
[65.339652] (-) TimerEvent: {}
[65.440251] (-) TimerEvent: {}
[65.540800] (-) TimerEvent: {}
[65.641346] (-) TimerEvent: {}
[65.741913] (-) TimerEvent: {}
[65.842537] (-) TimerEvent: {}
[65.943164] (-) TimerEvent: {}
[66.043886] (-) TimerEvent: {}
[66.144498] (-) TimerEvent: {}
[66.245140] (-) TimerEvent: {}
[66.345787] (-) TimerEvent: {}
[66.446452] (-) TimerEvent: {}
[66.547115] (-) TimerEvent: {}
[66.647766] (-) TimerEvent: {}
[66.748410] (-) TimerEvent: {}
[66.849053] (-) TimerEvent: {}
[66.949697] (-) TimerEvent: {}
[67.050321] (-) TimerEvent: {}
[67.151220] (-) TimerEvent: {}
[67.251963] (-) TimerEvent: {}
[67.352636] (-) TimerEvent: {}
[67.453442] (-) TimerEvent: {}
[67.554102] (-) TimerEvent: {}
[67.654766] (-) TimerEvent: {}
[67.755427] (-) TimerEvent: {}
[67.856072] (-) TimerEvent: {}
[67.956718] (-) TimerEvent: {}
[68.057382] (-) TimerEvent: {}
[68.158038] (-) TimerEvent: {}
[68.258683] (-) TimerEvent: {}
[68.359330] (-) TimerEvent: {}
[68.459940] (-) TimerEvent: {}
[68.560618] (-) TimerEvent: {}
[68.661307] (-) TimerEvent: {}
[68.761943] (-) TimerEvent: {}
[68.862590] (-) TimerEvent: {}
[68.963220] (-) TimerEvent: {}
[69.063861] (-) TimerEvent: {}
[69.164490] (-) TimerEvent: {}
[69.265114] (-) TimerEvent: {}
[69.365763] (-) TimerEvent: {}
[69.466423] (-) TimerEvent: {}
[69.567115] (-) TimerEvent: {}
[69.667763] (-) TimerEvent: {}
[69.768444] (-) TimerEvent: {}
[69.869095] (-) TimerEvent: {}
[69.969750] (-) TimerEvent: {}
[70.070412] (-) TimerEvent: {}
[70.171042] (-) TimerEvent: {}
[70.271673] (-) TimerEvent: {}
[70.372309] (-) TimerEvent: {}
[70.472944] (-) TimerEvent: {}
[70.573605] (-) TimerEvent: {}
[70.674320] (-) TimerEvent: {}
[70.775023] (-) TimerEvent: {}
[70.875744] (-) TimerEvent: {}
[70.976473] (-) TimerEvent: {}
[71.077190] (-) TimerEvent: {}
[71.177897] (-) TimerEvent: {}
[71.278601] (-) TimerEvent: {}
[71.379238] (-) TimerEvent: {}
[71.479916] (-) TimerEvent: {}
[71.580597] (-) TimerEvent: {}
[71.681263] (-) TimerEvent: {}
[71.781936] (-) TimerEvent: {}
[71.882625] (-) TimerEvent: {}
[71.983257] (-) TimerEvent: {}
[72.083866] (-) TimerEvent: {}
[72.184549] (-) TimerEvent: {}
[72.285195] (-) TimerEvent: {}
[72.385842] (-) TimerEvent: {}
[72.486525] (-) TimerEvent: {}
[72.587194] (-) TimerEvent: {}
[72.687848] (-) TimerEvent: {}
[72.788491] (-) TimerEvent: {}
[72.889154] (-) TimerEvent: {}
[72.989797] (-) TimerEvent: {}
[73.090427] (-) TimerEvent: {}
[73.191108] (-) TimerEvent: {}
[73.291745] (-) TimerEvent: {}
[73.392425] (-) TimerEvent: {}
[73.493079] (-) TimerEvent: {}
[73.593735] (-) TimerEvent: {}
[73.694464] (-) TimerEvent: {}
[73.795096] (-) TimerEvent: {}
[73.895747] (-) TimerEvent: {}
[73.996394] (-) TimerEvent: {}
[74.097054] (-) TimerEvent: {}
[74.197776] (-) TimerEvent: {}
[74.298434] (-) TimerEvent: {}
[74.399088] (-) TimerEvent: {}
[74.499765] (-) TimerEvent: {}
[74.600408] (-) TimerEvent: {}
[74.701052] (-) TimerEvent: {}
[74.801714] (-) TimerEvent: {}
[74.902418] (-) TimerEvent: {}
[75.003075] (-) TimerEvent: {}
[75.103722] (-) TimerEvent: {}
[75.204390] (-) TimerEvent: {}
[75.305015] (-) TimerEvent: {}
[75.405644] (-) TimerEvent: {}
[75.506293] (-) TimerEvent: {}
[75.606949] (-) TimerEvent: {}
[75.707600] (-) TimerEvent: {}
[75.808293] (-) TimerEvent: {}
[75.908984] (-) TimerEvent: {}
[76.009639] (-) TimerEvent: {}
[76.110300] (-) TimerEvent: {}
[76.210905] (-) TimerEvent: {}
[76.311551] (-) TimerEvent: {}
[76.412187] (-) TimerEvent: {}
[76.512830] (-) TimerEvent: {}
[76.613480] (-) TimerEvent: {}
[76.714154] (-) TimerEvent: {}
[76.814932] (-) TimerEvent: {}
[76.915578] (-) TimerEvent: {}
[77.016236] (-) TimerEvent: {}
[77.116922] (-) TimerEvent: {}
[77.217563] (-) TimerEvent: {}
[77.318229] (-) TimerEvent: {}
[77.418854] (-) TimerEvent: {}
[77.519487] (-) TimerEvent: {}
[77.620124] (-) TimerEvent: {}
[77.720772] (-) TimerEvent: {}
[77.821417] (-) TimerEvent: {}
[77.922066] (-) TimerEvent: {}
[78.022719] (-) TimerEvent: {}
[78.123380] (-) TimerEvent: {}
[78.224061] (-) TimerEvent: {}
[78.324691] (-) TimerEvent: {}
[78.425395] (-) TimerEvent: {}
[78.526053] (-) TimerEvent: {}
[78.626781] (-) TimerEvent: {}
[78.727419] (-) TimerEvent: {}
[78.828075] (-) TimerEvent: {}
[78.928814] (-) TimerEvent: {}
[79.029473] (-) TimerEvent: {}
[79.130199] (-) TimerEvent: {}
[79.230862] (-) TimerEvent: {}
[79.331475] (-) TimerEvent: {}
[79.432107] (-) TimerEvent: {}
[79.532822] (-) TimerEvent: {}
[79.633487] (-) TimerEvent: {}
[79.734175] (-) TimerEvent: {}
[79.834856] (-) TimerEvent: {}
[79.935499] (-) TimerEvent: {}
[80.036131] (-) TimerEvent: {}
[80.136769] (-) TimerEvent: {}
[80.237424] (-) TimerEvent: {}
[80.338021] (-) TimerEvent: {}
[80.438685] (-) TimerEvent: {}
[80.539326] (-) TimerEvent: {}
[80.639989] (-) TimerEvent: {}
[80.740650] (-) TimerEvent: {}
[80.841298] (-) TimerEvent: {}
[80.941982] (-) TimerEvent: {}
[81.042740] (-) TimerEvent: {}
[81.143413] (-) TimerEvent: {}
[81.244052] (-) TimerEvent: {}
[81.344685] (-) TimerEvent: {}
[81.445330] (-) TimerEvent: {}
[81.546008] (-) TimerEvent: {}
[81.646672] (-) TimerEvent: {}
[81.747355] (-) TimerEvent: {}
[81.848027] (-) TimerEvent: {}
[81.948684] (-) TimerEvent: {}
[82.049297] (-) TimerEvent: {}
[82.149927] (-) TimerEvent: {}
[82.250588] (-) TimerEvent: {}
[82.351260] (-) TimerEvent: {}
[82.451957] (-) TimerEvent: {}
[82.552596] (-) TimerEvent: {}
[82.653248] (-) TimerEvent: {}
[82.753881] (-) TimerEvent: {}
[82.854524] (-) TimerEvent: {}
[82.955159] (-) TimerEvent: {}
[83.055787] (-) TimerEvent: {}
[83.156413] (-) TimerEvent: {}
[83.257048] (-) TimerEvent: {}
[83.357690] (-) TimerEvent: {}
[83.458311] (-) TimerEvent: {}
[83.558977] (-) TimerEvent: {}
[83.659638] (-) TimerEvent: {}
[83.760276] (-) TimerEvent: {}
[83.860952] (-) TimerEvent: {}
[83.961648] (-) TimerEvent: {}
[84.062332] (-) TimerEvent: {}
[84.163087] (-) TimerEvent: {}
[84.263766] (-) TimerEvent: {}
[84.364386] (-) TimerEvent: {}
[84.465004] (-) TimerEvent: {}
[84.565659] (-) TimerEvent: {}
[84.666296] (-) TimerEvent: {}
[84.766924] (-) TimerEvent: {}
[84.867603] (-) TimerEvent: {}
[84.968230] (-) TimerEvent: {}
[85.068868] (-) TimerEvent: {}
[85.169496] (-) TimerEvent: {}
[85.270120] (-) TimerEvent: {}
[85.370757] (-) TimerEvent: {}
[85.471398] (-) TimerEvent: {}
[85.572018] (-) TimerEvent: {}
[85.672642] (-) TimerEvent: {}
[85.773295] (-) TimerEvent: {}
[85.873953] (-) TimerEvent: {}
[85.974627] (-) TimerEvent: {}
[86.075248] (-) TimerEvent: {}
[86.175995] (-) TimerEvent: {}
[86.276696] (-) TimerEvent: {}
[86.377371] (-) TimerEvent: {}
[86.478030] (-) TimerEvent: {}
[86.578693] (-) TimerEvent: {}
[86.679315] (-) TimerEvent: {}
[86.779953] (-) TimerEvent: {}
[86.880588] (-) TimerEvent: {}
[86.981219] (-) TimerEvent: {}
[87.081832] (-) TimerEvent: {}
[87.182482] (-) TimerEvent: {}
[87.283128] (-) TimerEvent: {}
[87.383799] (-) TimerEvent: {}
[87.484571] (-) TimerEvent: {}
[87.585220] (-) TimerEvent: {}
[87.685927] (-) TimerEvent: {}
[87.786580] (-) TimerEvent: {}
[87.887225] (-) TimerEvent: {}
[87.987842] (-) TimerEvent: {}
[88.088470] (-) TimerEvent: {}
[88.189098] (-) TimerEvent: {}
[88.289732] (-) TimerEvent: {}
[88.390359] (-) TimerEvent: {}
[88.490990] (-) TimerEvent: {}
[88.591620] (-) TimerEvent: {}
[88.692234] (-) TimerEvent: {}
[88.792871] (-) TimerEvent: {}
[88.893508] (-) TimerEvent: {}
[88.994185] (-) TimerEvent: {}
[89.094930] (-) TimerEvent: {}
[89.195584] (-) TimerEvent: {}
[89.296229] (-) TimerEvent: {}
[89.396877] (-) TimerEvent: {}
[89.497573] (-) TimerEvent: {}
[89.598244] (-) TimerEvent: {}
[89.698858] (-) TimerEvent: {}
[89.799484] (-) TimerEvent: {}
[89.900120] (-) TimerEvent: {}
[90.000784] (-) TimerEvent: {}
[90.101435] (-) TimerEvent: {}
[90.202053] (-) TimerEvent: {}
[90.302716] (-) TimerEvent: {}
[90.403334] (-) TimerEvent: {}
[90.503975] (-) TimerEvent: {}
[90.604603] (-) TimerEvent: {}
[90.705231] (-) TimerEvent: {}
[90.805849] (-) TimerEvent: {}
[90.906506] (-) TimerEvent: {}
[91.007178] (-) TimerEvent: {}
[91.107831] (-) TimerEvent: {}
[91.208447] (-) TimerEvent: {}
[91.309132] (-) TimerEvent: {}
[91.409796] (-) TimerEvent: {}
[91.510448] (-) TimerEvent: {}
[91.611103] (-) TimerEvent: {}
[91.711783] (-) TimerEvent: {}
[91.812372] (-) TimerEvent: {}
[91.913050] (-) TimerEvent: {}
[92.013718] (-) TimerEvent: {}
[92.114348] (-) TimerEvent: {}
[92.214967] (-) TimerEvent: {}
[92.315621] (-) TimerEvent: {}
[92.416270] (-) TimerEvent: {}
[92.516900] (-) TimerEvent: {}
[92.617559] (-) TimerEvent: {}
[92.718213] (-) TimerEvent: {}
[92.818822] (-) TimerEvent: {}
[92.919458] (-) TimerEvent: {}
[93.020080] (-) TimerEvent: {}
[93.120704] (-) TimerEvent: {}
[93.221343] (-) TimerEvent: {}
[93.321977] (-) TimerEvent: {}
[93.422614] (-) TimerEvent: {}
[93.523239] (-) TimerEvent: {}
[93.623871] (-) TimerEvent: {}
[93.724483] (-) TimerEvent: {}
[93.825111] (-) TimerEvent: {}
[93.925733] (-) TimerEvent: {}
[94.026313] (-) TimerEvent: {}
[94.126986] (-) TimerEvent: {}
[94.227655] (-) TimerEvent: {}
[94.328366] (-) TimerEvent: {}
[94.429014] (-) TimerEvent: {}
[94.529649] (-) TimerEvent: {}
[94.630318] (-) TimerEvent: {}
[94.730975] (-) TimerEvent: {}
[94.831591] (-) TimerEvent: {}
[94.932213] (-) TimerEvent: {}
[95.032838] (-) TimerEvent: {}
[95.133521] (-) TimerEvent: {}
[95.234199] (-) TimerEvent: {}
[95.334842] (-) TimerEvent: {}
[95.435542] (-) TimerEvent: {}
[95.536206] (-) TimerEvent: {}
[95.636824] (-) TimerEvent: {}
[95.737448] (-) TimerEvent: {}
[95.838081] (-) TimerEvent: {}
[95.938729] (-) TimerEvent: {}
[96.039346] (-) TimerEvent: {}
[96.139967] (-) TimerEvent: {}
[96.240579] (-) TimerEvent: {}
[96.341215] (-) TimerEvent: {}
[96.441873] (-) TimerEvent: {}
[96.542514] (-) TimerEvent: {}
[96.643202] (-) TimerEvent: {}
[96.743838] (-) TimerEvent: {}
[96.844482] (-) TimerEvent: {}
[96.945159] (-) TimerEvent: {}
[97.045794] (-) TimerEvent: {}
[97.146435] (-) TimerEvent: {}
[97.247065] (-) TimerEvent: {}
[97.347770] (-) TimerEvent: {}
[97.448442] (-) TimerEvent: {}
[97.549096] (-) TimerEvent: {}
[97.649758] (-) TimerEvent: {}
[97.750399] (-) TimerEvent: {}
[97.851034] (-) TimerEvent: {}
[97.951720] (-) TimerEvent: {}
[98.052562] (-) TimerEvent: {}
[98.153419] (-) TimerEvent: {}
[98.254205] (-) TimerEvent: {}
[98.354818] (-) TimerEvent: {}
[98.455434] (-) TimerEvent: {}
[98.556064] (-) TimerEvent: {}
[98.656695] (-) TimerEvent: {}
[98.757364] (-) TimerEvent: {}
[98.858004] (-) TimerEvent: {}
[98.958710] (-) TimerEvent: {}
[99.059337] (-) TimerEvent: {}
[99.159923] (-) TimerEvent: {}
[99.260560] (-) TimerEvent: {}
[99.361236] (-) TimerEvent: {}
[99.461913] (-) TimerEvent: {}
[99.562579] (-) TimerEvent: {}
[99.663224] (-) TimerEvent: {}
[99.763868] (-) TimerEvent: {}
[99.864511] (-) TimerEvent: {}
[99.965159] (-) TimerEvent: {}
[100.065803] (-) TimerEvent: {}
[100.166509] (-) TimerEvent: {}
[100.267191] (-) TimerEvent: {}
[100.367938] (-) TimerEvent: {}
[100.468639] (-) TimerEvent: {}
[100.569353] (-) TimerEvent: {}
[100.670226] (-) TimerEvent: {}
[100.770975] (-) TimerEvent: {}
[100.872037] (-) TimerEvent: {}
[100.972956] (-) TimerEvent: {}
[101.073824] (-) TimerEvent: {}
[101.174595] (-) TimerEvent: {}
[101.275352] (-) TimerEvent: {}
[101.376135] (-) TimerEvent: {}
[101.476913] (-) TimerEvent: {}
[101.577759] (-) TimerEvent: {}
[101.678578] (-) TimerEvent: {}
[101.779377] (-) TimerEvent: {}
[101.880181] (-) TimerEvent: {}
[101.980959] (-) TimerEvent: {}
[102.081712] (-) TimerEvent: {}
[102.182456] (-) TimerEvent: {}
[102.283176] (-) TimerEvent: {}
[102.383867] (-) TimerEvent: {}
[102.484673] (-) TimerEvent: {}
[102.585578] (-) TimerEvent: {}
[102.686441] (-) TimerEvent: {}
[102.787477] (-) TimerEvent: {}
[102.888245] (-) TimerEvent: {}
[102.988940] (-) TimerEvent: {}
[103.089741] (-) TimerEvent: {}
[103.190555] (-) TimerEvent: {}
[103.291332] (-) TimerEvent: {}
[103.392160] (-) TimerEvent: {}
[103.492996] (-) TimerEvent: {}
[103.593826] (-) TimerEvent: {}
[103.694674] (-) TimerEvent: {}
[103.795535] (-) TimerEvent: {}
[103.896602] (-) TimerEvent: {}
[103.997364] (-) TimerEvent: {}
[104.098154] (-) TimerEvent: {}
[104.198972] (-) TimerEvent: {}
[104.299718] (-) TimerEvent: {}
[104.400904] (-) TimerEvent: {}
[104.501693] (-) TimerEvent: {}
[104.602481] (-) TimerEvent: {}
[104.703115] (-) TimerEvent: {}
[104.803809] (-) TimerEvent: {}
[104.904425] (-) TimerEvent: {}
[105.005043] (-) TimerEvent: {}
[105.105660] (-) TimerEvent: {}
[105.206311] (-) TimerEvent: {}
[105.306930] (-) TimerEvent: {}
[105.407552] (-) TimerEvent: {}
[105.508172] (-) TimerEvent: {}
[105.608768] (-) TimerEvent: {}
[105.709385] (-) TimerEvent: {}
[105.810001] (-) TimerEvent: {}
[105.910645] (-) TimerEvent: {}
[106.011318] (-) TimerEvent: {}
[106.112008] (-) TimerEvent: {}
[106.212701] (-) TimerEvent: {}
[106.313338] (-) TimerEvent: {}
[106.413975] (-) TimerEvent: {}
[106.514639] (-) TimerEvent: {}
[106.615270] (-) TimerEvent: {}
[106.715959] (-) TimerEvent: {}
[106.816669] (-) TimerEvent: {}
[106.917398] (-) TimerEvent: {}
[107.018072] (-) TimerEvent: {}
[107.118784] (-) TimerEvent: {}
[107.219450] (-) TimerEvent: {}
[107.320111] (-) TimerEvent: {}
[107.420770] (-) TimerEvent: {}
[107.521410] (-) TimerEvent: {}
[107.622063] (-) TimerEvent: {}
[107.722697] (-) TimerEvent: {}
[107.823313] (-) TimerEvent: {}
[107.923931] (-) TimerEvent: {}
[108.024553] (-) TimerEvent: {}
[108.125174] (-) TimerEvent: {}
[108.225844] (-) TimerEvent: {}
[108.326499] (-) TimerEvent: {}
[108.427140] (-) TimerEvent: {}
[108.527767] (-) TimerEvent: {}
[108.628454] (-) TimerEvent: {}
[108.729092] (-) TimerEvent: {}
[108.829739] (-) TimerEvent: {}
[108.930399] (-) TimerEvent: {}
[109.031041] (-) TimerEvent: {}
[109.131674] (-) TimerEvent: {}
[109.232297] (-) TimerEvent: {}
[109.332938] (-) TimerEvent: {}
[109.433604] (-) TimerEvent: {}
[109.534265] (-) TimerEvent: {}
[109.634944] (-) TimerEvent: {}
[109.735541] (-) TimerEvent: {}
[109.836153] (-) TimerEvent: {}
[109.936764] (-) TimerEvent: {}
[110.037403] (-) TimerEvent: {}
[110.138060] (-) TimerEvent: {}
[110.238715] (-) TimerEvent: {}
[110.339345] (-) TimerEvent: {}
[110.439962] (-) TimerEvent: {}
[110.540570] (-) TimerEvent: {}
[110.641180] (-) TimerEvent: {}
[110.741819] (-) TimerEvent: {}
[110.842486] (-) TimerEvent: {}
[110.943152] (-) TimerEvent: {}
[111.043798] (-) TimerEvent: {}
[111.144442] (-) TimerEvent: {}
[111.245140] (-) TimerEvent: {}
[111.345852] (-) TimerEvent: {}
[111.446534] (-) TimerEvent: {}
[111.547194] (-) TimerEvent: {}
[111.647849] (-) TimerEvent: {}
[111.748504] (-) TimerEvent: {}
[111.849152] (-) TimerEvent: {}
[111.949815] (-) TimerEvent: {}
[112.050481] (-) TimerEvent: {}
[112.151135] (-) TimerEvent: {}
[112.251749] (-) TimerEvent: {}
[112.352400] (-) TimerEvent: {}
[112.453028] (-) TimerEvent: {}
[112.553664] (-) TimerEvent: {}
[112.654347] (-) TimerEvent: {}
[112.755022] (-) TimerEvent: {}
[112.855656] (-) TimerEvent: {}
[112.956279] (-) TimerEvent: {}
[113.056939] (-) TimerEvent: {}
[113.157605] (-) TimerEvent: {}
[113.258210] (-) TimerEvent: {}
[113.358822] (-) TimerEvent: {}
[113.459449] (-) TimerEvent: {}
[113.560071] (-) TimerEvent: {}
[113.660683] (-) TimerEvent: {}
[113.761299] (-) TimerEvent: {}
[113.861914] (-) TimerEvent: {}
[113.962554] (-) TimerEvent: {}
[114.063220] (-) TimerEvent: {}
[114.163837] (-) TimerEvent: {}
[114.264469] (-) TimerEvent: {}
[114.365110] (-) TimerEvent: {}
[114.465813] (-) TimerEvent: {}
[114.566559] (-) TimerEvent: {}
[114.667206] (-) TimerEvent: {}
[114.767886] (-) TimerEvent: {}
[114.868552] (-) TimerEvent: {}
[114.969260] (-) TimerEvent: {}
[115.069923] (-) TimerEvent: {}
[115.170591] (-) TimerEvent: {}
[115.271269] (-) TimerEvent: {}
[115.371925] (-) TimerEvent: {}
[115.472560] (-) TimerEvent: {}
[115.573199] (-) TimerEvent: {}
[115.673846] (-) TimerEvent: {}
[115.774540] (-) TimerEvent: {}
[115.875214] (-) TimerEvent: {}
[115.975836] (-) TimerEvent: {}
[116.076433] (-) TimerEvent: {}
[116.177060] (-) TimerEvent: {}
[116.277672] (-) TimerEvent: {}
[116.378314] (-) TimerEvent: {}
[116.478934] (-) TimerEvent: {}
[116.579559] (-) TimerEvent: {}
[116.680210] (-) TimerEvent: {}
[116.780886] (-) TimerEvent: {}
[116.881576] (-) TimerEvent: {}
[116.982245] (-) TimerEvent: {}
[117.082889] (-) TimerEvent: {}
[117.183525] (-) TimerEvent: {}
[117.284222] (-) TimerEvent: {}
[117.384903] (-) TimerEvent: {}
[117.485580] (-) TimerEvent: {}
[117.586225] (-) TimerEvent: {}
[117.686948] (-) TimerEvent: {}
[117.787627] (-) TimerEvent: {}
[117.888264] (-) TimerEvent: {}
[117.988899] (-) TimerEvent: {}
[118.089553] (-) TimerEvent: {}
[118.190222] (-) TimerEvent: {}
[118.290863] (-) TimerEvent: {}
[118.391515] (-) TimerEvent: {}
[118.492159] (-) TimerEvent: {}
[118.592837] (-) TimerEvent: {}
[118.693500] (-) TimerEvent: {}
[118.794137] (-) TimerEvent: {}
[118.894802] (-) TimerEvent: {}
[118.995724] (-) TimerEvent: {}
[119.096427] (-) TimerEvent: {}
[119.197110] (-) TimerEvent: {}
[119.297772] (-) TimerEvent: {}
[119.398423] (-) TimerEvent: {}
[119.499046] (-) TimerEvent: {}
[119.600040] (-) TimerEvent: {}
[119.700904] (-) TimerEvent: {}
[119.801545] (-) TimerEvent: {}
[119.902225] (-) TimerEvent: {}
[120.003200] (-) TimerEvent: {}
[120.103931] (-) TimerEvent: {}
[120.204589] (-) TimerEvent: {}
[120.305262] (-) TimerEvent: {}
[120.405901] (-) TimerEvent: {}
[120.506582] (-) TimerEvent: {}
[120.607224] (-) TimerEvent: {}
[120.707876] (-) TimerEvent: {}
[120.808551] (-) TimerEvent: {}
[120.909183] (-) TimerEvent: {}
[121.009840] (-) TimerEvent: {}
[121.110510] (-) TimerEvent: {}
[121.211167] (-) TimerEvent: {}
[121.311972] (-) TimerEvent: {}
[121.412630] (-) TimerEvent: {}
[121.513283] (-) TimerEvent: {}
[121.613963] (-) TimerEvent: {}
[121.714699] (-) TimerEvent: {}
[121.815350] (-) TimerEvent: {}
[121.915983] (-) TimerEvent: {}
[122.016594] (-) TimerEvent: {}
[122.117303] (-) TimerEvent: {}
[122.217976] (-) TimerEvent: {}
[122.318635] (-) TimerEvent: {}
[122.419315] (-) TimerEvent: {}
[122.520486] (-) TimerEvent: {}
[122.621147] (-) TimerEvent: {}
[122.721871] (-) TimerEvent: {}
[122.822569] (-) TimerEvent: {}
[122.923266] (-) TimerEvent: {}
[123.023914] (-) TimerEvent: {}
[123.124581] (-) TimerEvent: {}
[123.225218] (-) TimerEvent: {}
[123.326139] (-) TimerEvent: {}
[123.426880] (-) TimerEvent: {}
[123.527557] (-) TimerEvent: {}
[123.628230] (-) TimerEvent: {}
[123.728883] (-) TimerEvent: {}
[123.829563] (-) TimerEvent: {}
[123.930263] (-) TimerEvent: {}
[124.030908] (-) TimerEvent: {}
[124.131564] (-) TimerEvent: {}
[124.232269] (-) TimerEvent: {}
[124.332953] (-) TimerEvent: {}
[124.433615] (-) TimerEvent: {}
[124.534329] (-) TimerEvent: {}
[124.635025] (-) TimerEvent: {}
[124.735677] (-) TimerEvent: {}
[124.836328] (-) TimerEvent: {}
[124.937590] (-) TimerEvent: {}
[125.038269] (-) TimerEvent: {}
[125.138940] (-) TimerEvent: {}
[125.239609] (-) TimerEvent: {}
[125.340327] (-) TimerEvent: {}
[125.440989] (-) TimerEvent: {}
[125.541674] (-) TimerEvent: {}
[125.642346] (-) TimerEvent: {}
[125.742981] (-) TimerEvent: {}
[125.843657] (-) TimerEvent: {}
[125.944297] (-) TimerEvent: {}
[126.044935] (-) TimerEvent: {}
[126.145595] (-) TimerEvent: {}
[126.246299] (-) TimerEvent: {}
[126.346955] (-) TimerEvent: {}
[126.447832] (-) TimerEvent: {}
[126.548507] (-) TimerEvent: {}
[126.649190] (-) TimerEvent: {}
[126.749816] (-) TimerEvent: {}
[126.850454] (-) TimerEvent: {}
[126.951157] (-) TimerEvent: {}
[127.051817] (-) TimerEvent: {}
[127.152496] (-) TimerEvent: {}
[127.253196] (-) TimerEvent: {}
[127.353855] (-) TimerEvent: {}
[127.454502] (-) TimerEvent: {}
[127.556164] (-) TimerEvent: {}
[127.656818] (-) TimerEvent: {}
[127.757475] (-) TimerEvent: {}
[127.858140] (-) TimerEvent: {}
[127.958792] (-) TimerEvent: {}
[128.059479] (-) TimerEvent: {}
[128.160143] (-) TimerEvent: {}
[128.260767] (-) TimerEvent: {}
[128.361421] (-) TimerEvent: {}
[128.462202] (-) TimerEvent: {}
[128.562829] (-) TimerEvent: {}
[128.663455] (-) TimerEvent: {}
[128.764098] (-) TimerEvent: {}
[128.864769] (-) TimerEvent: {}
[128.965435] (-) TimerEvent: {}
[129.066069] (-) TimerEvent: {}
[129.166767] (-) TimerEvent: {}
[129.267432] (-) TimerEvent: {}
[129.368176] (-) TimerEvent: {}
[129.468839] (-) TimerEvent: {}
[129.569492] (-) TimerEvent: {}
[129.670151] (-) TimerEvent: {}
[129.770822] (-) TimerEvent: {}
[129.871469] (-) TimerEvent: {}
[129.972138] (-) TimerEvent: {}
[130.072850] (-) TimerEvent: {}
[130.173546] (-) TimerEvent: {}
[130.274246] (-) TimerEvent: {}
[130.374888] (-) TimerEvent: {}
[130.475524] (-) TimerEvent: {}
[130.576181] (-) TimerEvent: {}
[130.676838] (-) TimerEvent: {}
[130.777584] (-) TimerEvent: {}
[130.878233] (-) TimerEvent: {}
[130.978871] (-) TimerEvent: {}
[131.079495] (-) TimerEvent: {}
[131.180157] (-) TimerEvent: {}
[131.280829] (-) TimerEvent: {}
[131.381505] (-) TimerEvent: {}
[131.482181] (-) TimerEvent: {}
[131.582827] (-) TimerEvent: {}
[131.683467] (-) TimerEvent: {}
[131.784098] (-) TimerEvent: {}
[131.884757] (-) TimerEvent: {}
[131.985473] (-) TimerEvent: {}
[132.086147] (-) TimerEvent: {}
[132.186816] (-) TimerEvent: {}
[132.287468] (-) TimerEvent: {}
[132.388100] (-) TimerEvent: {}
[132.488734] (-) TimerEvent: {}
[132.589371] (-) TimerEvent: {}
[132.690366] (-) TimerEvent: {}
[132.791050] (-) TimerEvent: {}
[132.891949] (-) TimerEvent: {}
[132.992660] (-) TimerEvent: {}
[133.093509] (-) TimerEvent: {}
[133.194141] (-) TimerEvent: {}
[133.294775] (-) TimerEvent: {}
[133.395498] (-) TimerEvent: {}
[133.496232] (-) TimerEvent: {}
[133.597159] (-) TimerEvent: {}
[133.697904] (-) TimerEvent: {}
[133.798542] (-) TimerEvent: {}
[133.899197] (-) TimerEvent: {}
[133.999928] (-) TimerEvent: {}
[134.100556] (-) TimerEvent: {}
[134.201287] (-) TimerEvent: {}
[134.302023] (-) TimerEvent: {}
[134.402737] (-) TimerEvent: {}
[134.503437] (-) TimerEvent: {}
[134.604103] (-) TimerEvent: {}
[134.704792] (-) TimerEvent: {}
[134.805433] (-) TimerEvent: {}
[134.906026] (-) TimerEvent: {}
[135.006649] (-) TimerEvent: {}
[135.107289] (-) TimerEvent: {}
[135.207878] (-) TimerEvent: {}
[135.308549] (-) TimerEvent: {}
[135.409147] (-) TimerEvent: {}
[135.509760] (-) TimerEvent: {}
[135.610470] (-) TimerEvent: {}
[135.711151] (-) TimerEvent: {}
[135.811797] (-) TimerEvent: {}
[135.912468] (-) TimerEvent: {}
[136.013179] (-) TimerEvent: {}
[136.113846] (-) TimerEvent: {}
[136.214505] (-) TimerEvent: {}
[136.315147] (-) TimerEvent: {}
[136.415932] (-) TimerEvent: {}
[136.516786] (-) TimerEvent: {}
[136.617563] (-) TimerEvent: {}
[136.718211] (-) TimerEvent: {}
[136.818893] (-) TimerEvent: {}
[136.919551] (-) TimerEvent: {}
[137.020204] (-) TimerEvent: {}
[137.120835] (-) TimerEvent: {}
[137.221474] (-) TimerEvent: {}
[137.322138] (-) TimerEvent: {}
[137.423058] (-) TimerEvent: {}
[137.523967] (-) TimerEvent: {}
[137.624917] (-) TimerEvent: {}
[137.725865] (-) TimerEvent: {}
[137.826482] (-) TimerEvent: {}
[137.927089] (-) TimerEvent: {}
[138.027697] (-) TimerEvent: {}
[138.128294] (-) TimerEvent: {}
[138.228923] (-) TimerEvent: {}
[138.329540] (-) TimerEvent: {}
[138.430188] (-) TimerEvent: {}
[138.530842] (-) TimerEvent: {}
[138.631482] (-) TimerEvent: {}
[138.732158] (-) TimerEvent: {}
[138.832789] (-) TimerEvent: {}
[138.933435] (-) TimerEvent: {}
[139.034427] (-) TimerEvent: {}
[139.135260] (-) TimerEvent: {}
[139.235955] (-) TimerEvent: {}
[139.336612] (-) TimerEvent: {}
[139.437261] (-) TimerEvent: {}
[139.537910] (-) TimerEvent: {}
[139.638555] (-) TimerEvent: {}
[139.739575] (-) TimerEvent: {}
[139.840415] (-) TimerEvent: {}
[139.941154] (-) TimerEvent: {}
[140.041832] (-) TimerEvent: {}
[140.142486] (-) TimerEvent: {}
[140.243085] (-) TimerEvent: {}
[140.343736] (-) TimerEvent: {}
[140.456357] (-) TimerEvent: {}
[140.557065] (-) TimerEvent: {}
[140.657843] (-) TimerEvent: {}
[140.758574] (-) TimerEvent: {}
[140.859569] (-) TimerEvent: {}
[140.960426] (-) TimerEvent: {}
[141.061085] (-) TimerEvent: {}
[141.161755] (-) TimerEvent: {}
[141.262409] (-) TimerEvent: {}
[141.363053] (-) TimerEvent: {}
[141.463701] (-) TimerEvent: {}
[141.564319] (-) TimerEvent: {}
[141.669576] (-) TimerEvent: {}
[141.770281] (-) TimerEvent: {}
[141.870961] (-) TimerEvent: {}
[141.971591] (-) TimerEvent: {}
[142.072214] (-) TimerEvent: {}
[142.172906] (-) TimerEvent: {}
[142.273599] (-) TimerEvent: {}
[142.374255] (-) TimerEvent: {}
[142.474917] (-) TimerEvent: {}
[142.575582] (-) TimerEvent: {}
[142.676219] (-) TimerEvent: {}
[142.776866] (-) TimerEvent: {}
[142.877464] (-) TimerEvent: {}
[142.978090] (-) TimerEvent: {}
[143.078741] (-) TimerEvent: {}
[143.179344] (-) TimerEvent: {}
[143.279950] (-) TimerEvent: {}
[143.380595] (-) TimerEvent: {}
[143.486348] (-) TimerEvent: {}
[143.587029] (-) TimerEvent: {}
[143.687709] (-) TimerEvent: {}
[143.788382] (-) TimerEvent: {}
[143.889277] (-) TimerEvent: {}
[143.989924] (-) TimerEvent: {}
[144.090565] (-) TimerEvent: {}
[144.191216] (-) TimerEvent: {}
[144.291877] (-) TimerEvent: {}
[144.392559] (-) TimerEvent: {}
[144.493189] (-) TimerEvent: {}
[144.593812] (-) TimerEvent: {}
[144.694449] (-) TimerEvent: {}
[144.795090] (-) TimerEvent: {}
[144.895727] (-) TimerEvent: {}
[144.996500] (-) TimerEvent: {}
[145.097124] (-) TimerEvent: {}
[145.197765] (-) TimerEvent: {}
[145.298400] (-) TimerEvent: {}
[145.399058] (-) TimerEvent: {}
[145.499736] (-) TimerEvent: {}
[145.600375] (-) TimerEvent: {}
[145.701088] (-) TimerEvent: {}
[145.801763] (-) TimerEvent: {}
[145.902400] (-) TimerEvent: {}
[146.003054] (-) TimerEvent: {}
[146.103658] (-) TimerEvent: {}
[146.204515] (-) TimerEvent: {}
[146.305265] (-) TimerEvent: {}
[146.405899] (-) TimerEvent: {}
[146.506635] (-) TimerEvent: {}
[146.607255] (-) TimerEvent: {}
[146.707831] (-) TimerEvent: {}
[146.808424] (-) TimerEvent: {}
[146.909045] (-) TimerEvent: {}
[147.009656] (-) TimerEvent: {}
[147.110263] (-) TimerEvent: {}
[147.210913] (-) TimerEvent: {}
[147.311591] (-) TimerEvent: {}
[147.412219] (-) TimerEvent: {}
[147.513200] (-) TimerEvent: {}
[147.614017] (-) TimerEvent: {}
[147.714965] (-) TimerEvent: {}
[147.816354] (-) TimerEvent: {}
[147.917349] (-) TimerEvent: {}
[148.018021] (-) TimerEvent: {}
[148.119001] (-) TimerEvent: {}
[148.219905] (-) TimerEvent: {}
[148.320662] (-) TimerEvent: {}
[148.421363] (-) TimerEvent: {}
[148.521995] (-) TimerEvent: {}
[148.622655] (-) TimerEvent: {}
[148.723270] (-) TimerEvent: {}
[148.823875] (-) TimerEvent: {}
[148.924636] (-) TimerEvent: {}
[149.025238] (-) TimerEvent: {}
[149.125831] (-) TimerEvent: {}
[149.226483] (-) TimerEvent: {}
[149.327119] (-) TimerEvent: {}
[149.428783] (-) TimerEvent: {}
[149.529453] (-) TimerEvent: {}
[149.630090] (-) TimerEvent: {}
[149.730789] (-) TimerEvent: {}
[149.831432] (-) TimerEvent: {}
[149.932078] (-) TimerEvent: {}
[150.032772] (-) TimerEvent: {}
[150.133435] (-) TimerEvent: {}
[150.234148] (-) TimerEvent: {}
[150.334805] (-) TimerEvent: {}
[150.435469] (-) TimerEvent: {}
[150.537194] (-) TimerEvent: {}
[150.637780] (-) TimerEvent: {}
[150.738395] (-) TimerEvent: {}
[150.838987] (-) TimerEvent: {}
[150.939606] (-) TimerEvent: {}
[151.040198] (-) TimerEvent: {}
[151.140838] (-) TimerEvent: {}
[151.241552] (-) TimerEvent: {}
[151.342199] (-) TimerEvent: {}
[151.442862] (-) TimerEvent: {}
[151.543502] (-) TimerEvent: {}
[151.644078] (-) TimerEvent: {}
[151.744692] (-) TimerEvent: {}
[151.845775] (-) TimerEvent: {}
[151.946392] (-) TimerEvent: {}
[152.046988] (-) TimerEvent: {}
[152.147641] (-) TimerEvent: {}
[152.248396] (-) TimerEvent: {}
[152.349000] (-) TimerEvent: {}
[152.449646] (-) TimerEvent: {}
[152.550304] (-) TimerEvent: {}
[152.650921] (-) TimerEvent: {}
[152.751553] (-) TimerEvent: {}
[152.852681] (-) TimerEvent: {}
[152.953359] (-) TimerEvent: {}
[153.053982] (-) TimerEvent: {}
[153.155255] (-) TimerEvent: {}
[153.256009] (-) TimerEvent: {}
[153.356716] (-) TimerEvent: {}
[153.457346] (-) TimerEvent: {}
[153.557989] (-) TimerEvent: {}
[153.658657] (-) TimerEvent: {}
[153.759281] (-) TimerEvent: {}
[153.859923] (-) TimerEvent: {}
[153.960541] (-) TimerEvent: {}
[154.061170] (-) TimerEvent: {}
[154.161785] (-) TimerEvent: {}
[154.262408] (-) TimerEvent: {}
[154.362990] (-) TimerEvent: {}
[154.463590] (-) TimerEvent: {}
[154.564201] (-) TimerEvent: {}
[154.664798] (-) TimerEvent: {}
[154.765400] (-) TimerEvent: {}
[154.866054] (-) TimerEvent: {}
[154.966692] (-) TimerEvent: {}
[155.067348] (-) TimerEvent: {}
[155.168013] (-) TimerEvent: {}
[155.268679] (-) TimerEvent: {}
[155.369331] (-) TimerEvent: {}
[155.470020] (-) TimerEvent: {}
[155.570784] (-) TimerEvent: {}
[155.671456] (-) TimerEvent: {}
[155.772115] (-) TimerEvent: {}
[155.872751] (-) TimerEvent: {}
[155.973365] (-) TimerEvent: {}
[156.074209] (-) TimerEvent: {}
[156.174851] (-) TimerEvent: {}
[156.275512] (-) TimerEvent: {}
[156.376160] (-) TimerEvent: {}
[156.476815] (-) TimerEvent: {}
[156.577515] (-) TimerEvent: {}
[156.678217] (-) TimerEvent: {}
[156.778863] (-) TimerEvent: {}
[156.879545] (-) TimerEvent: {}
[156.980196] (-) TimerEvent: {}
[157.080823] (-) TimerEvent: {}
[157.181450] (-) TimerEvent: {}
[157.282085] (-) TimerEvent: {}
[157.382722] (-) TimerEvent: {}
[157.483362] (-) TimerEvent: {}
[157.584030] (-) TimerEvent: {}
[157.684698] (-) TimerEvent: {}
[157.785413] (-) TimerEvent: {}
[157.886065] (-) TimerEvent: {}
[157.986754] (-) TimerEvent: {}
[158.089744] (-) TimerEvent: {}
[158.190463] (-) TimerEvent: {}
[158.291155] (-) TimerEvent: {}
[158.391867] (-) TimerEvent: {}
[158.492592] (-) TimerEvent: {}
[158.593293] (-) TimerEvent: {}
[158.693967] (-) TimerEvent: {}
[158.794781] (-) TimerEvent: {}
[158.895451] (-) TimerEvent: {}
[158.996235] (-) TimerEvent: {}
[159.097308] (-) TimerEvent: {}
[159.198297] (-) TimerEvent: {}
[159.299021] (-) TimerEvent: {}
[159.399690] (-) TimerEvent: {}
[159.500346] (-) TimerEvent: {}
[159.600966] (-) TimerEvent: {}
[159.701656] (-) TimerEvent: {}
[159.802431] (-) TimerEvent: {}
[159.903075] (-) TimerEvent: {}
[160.003694] (-) TimerEvent: {}
[160.104309] (-) TimerEvent: {}
[160.204937] (-) TimerEvent: {}
[160.305576] (-) TimerEvent: {}
[160.406249] (-) TimerEvent: {}
[160.506949] (-) TimerEvent: {}
[160.607658] (-) TimerEvent: {}
[160.708292] (-) TimerEvent: {}
[160.808937] (-) TimerEvent: {}
[160.909604] (-) TimerEvent: {}
[161.010266] (-) TimerEvent: {}
[161.110910] (-) TimerEvent: {}
[161.211584] (-) TimerEvent: {}
[161.312236] (-) TimerEvent: {}
[161.412933] (-) TimerEvent: {}
[161.513584] (-) TimerEvent: {}
[161.614222] (-) TimerEvent: {}
[161.714889] (-) TimerEvent: {}
[161.815654] (-) TimerEvent: {}
[161.916280] (-) TimerEvent: {}
[162.017082] (-) TimerEvent: {}
[162.117813] (-) TimerEvent: {}
[162.218588] (-) TimerEvent: {}
[162.319222] (-) TimerEvent: {}
[162.419850] (-) TimerEvent: {}
[162.520513] (-) TimerEvent: {}
[162.621245] (-) TimerEvent: {}
[162.721917] (-) TimerEvent: {}
[162.822600] (-) TimerEvent: {}
[162.923289] (-) TimerEvent: {}
[163.023939] (-) TimerEvent: {}
[163.124561] (-) TimerEvent: {}
[163.225198] (-) TimerEvent: {}
[163.325848] (-) TimerEvent: {}
[163.426478] (-) TimerEvent: {}
[163.527113] (-) TimerEvent: {}
[163.627811] (-) TimerEvent: {}
[163.728468] (-) TimerEvent: {}
[163.829090] (-) TimerEvent: {}
[163.929709] (-) TimerEvent: {}
[164.030340] (-) TimerEvent: {}
[164.130983] (-) TimerEvent: {}
[164.231619] (-) TimerEvent: {}
[164.332265] (-) TimerEvent: {}
[164.432895] (-) TimerEvent: {}
[164.533539] (-) TimerEvent: {}
[164.634256] (-) TimerEvent: {}
[164.734897] (-) TimerEvent: {}
[164.835536] (-) TimerEvent: {}
[164.936154] (-) TimerEvent: {}
[165.036777] (-) TimerEvent: {}
[165.137392] (-) TimerEvent: {}
[165.238010] (-) TimerEvent: {}
[165.338628] (-) TimerEvent: {}
[165.439225] (-) TimerEvent: {}
[165.539847] (-) TimerEvent: {}
[165.640484] (-) TimerEvent: {}
[165.741098] (-) TimerEvent: {}
[165.841706] (-) TimerEvent: {}
[165.942319] (-) TimerEvent: {}
[166.042929] (-) TimerEvent: {}
[166.143531] (-) TimerEvent: {}
[166.244151] (-) TimerEvent: {}
[166.344760] (-) TimerEvent: {}
[166.445378] (-) TimerEvent: {}
[166.545982] (-) TimerEvent: {}
[166.646631] (-) TimerEvent: {}
[166.747249] (-) TimerEvent: {}
[166.847871] (-) TimerEvent: {}
[166.948498] (-) TimerEvent: {}
[167.049108] (-) TimerEvent: {}
[167.149737] (-) TimerEvent: {}
[167.250386] (-) TimerEvent: {}
[167.351030] (-) TimerEvent: {}
[167.451675] (-) TimerEvent: {}
[167.552285] (-) TimerEvent: {}
[167.652933] (-) TimerEvent: {}
[167.753564] (-) TimerEvent: {}
[167.854214] (-) TimerEvent: {}
[167.954844] (-) TimerEvent: {}
[168.055473] (-) TimerEvent: {}
[168.156099] (-) TimerEvent: {}
[168.256726] (-) TimerEvent: {}
[168.357369] (-) TimerEvent: {}
[168.458005] (-) TimerEvent: {}
[168.558641] (-) TimerEvent: {}
[168.659238] (-) TimerEvent: {}
[168.759859] (-) TimerEvent: {}
[168.860470] (-) TimerEvent: {}
[168.961083] (-) TimerEvent: {}
[169.061686] (-) TimerEvent: {}
[169.162313] (-) TimerEvent: {}
[169.262936] (-) TimerEvent: {}
[169.363559] (-) TimerEvent: {}
[169.464184] (-) TimerEvent: {}
[169.564805] (-) TimerEvent: {}
[169.665403] (-) TimerEvent: {}
[169.766030] (-) TimerEvent: {}
[169.866662] (-) TimerEvent: {}
[169.967279] (-) TimerEvent: {}
[170.067935] (-) TimerEvent: {}
[170.168675] (-) TimerEvent: {}
[170.269344] (-) TimerEvent: {}
[170.370115] (-) TimerEvent: {}
[170.470903] (-) TimerEvent: {}
[170.571664] (-) TimerEvent: {}
[170.672425] (-) TimerEvent: {}
[170.773195] (-) TimerEvent: {}
[170.873974] (-) TimerEvent: {}
[170.974763] (-) TimerEvent: {}
[171.075658] (-) TimerEvent: {}
[171.096922] (fast_lio) StdoutLine: {'line': b'[100%] \x1b[32m\x1b[1mLinking CXX executable fastlio_mapping\x1b[0m\n'}
[171.175817] (-) TimerEvent: {}
[171.276561] (-) TimerEvent: {}
[171.377328] (-) TimerEvent: {}
[171.478103] (-) TimerEvent: {}
[171.578901] (-) TimerEvent: {}
[171.679670] (-) TimerEvent: {}
[171.780468] (-) TimerEvent: {}
[171.881244] (-) TimerEvent: {}
[171.981857] (-) TimerEvent: {}
[172.082506] (-) TimerEvent: {}
[172.183157] (-) TimerEvent: {}
[172.283874] (-) TimerEvent: {}
[172.384529] (-) TimerEvent: {}
[172.485188] (-) TimerEvent: {}
[172.585837] (-) TimerEvent: {}
[172.686512] (-) TimerEvent: {}
[172.787159] (-) TimerEvent: {}
[172.887897] (-) TimerEvent: {}
[172.988563] (-) TimerEvent: {}
[173.089203] (-) TimerEvent: {}
[173.189868] (-) TimerEvent: {}
[173.290571] (-) TimerEvent: {}
[173.391231] (-) TimerEvent: {}
[173.491851] (-) TimerEvent: {}
[173.592451] (-) TimerEvent: {}
[173.693056] (-) TimerEvent: {}
[173.793682] (-) TimerEvent: {}
[173.894305] (-) TimerEvent: {}
[173.995035] (-) TimerEvent: {}
[174.002632] (fast_lio) StdoutLine: {'line': b'[100%] Built target fastlio_mapping\n'}
[174.039263] (fast_lio) CommandEnded: {'returncode': 0}
[174.041619] (fast_lio) JobProgress: {'identifier': 'fast_lio', 'progress': 'install'}
[174.064106] (fast_lio) Command: {'cmd': ['/usr/bin/cmake', '--install', '/home/amov/lio_ws/build/fast_lio'], 'cwd': '/home/amov/lio_ws/build/fast_lio', 'env': OrderedDict([('LESSOPEN', '| /usr/bin/lesspipe %s'), ('no_proxy', 'localhost,127.0.0.1,192.168.3.0/24'), ('USER', 'amov'), ('all_proxy', 'socks5://127.0.0.1:7891'), ('XDG_SESSION_TYPE', 'x11'), ('GIT_ASKPASS', '/usr/share/code/resources/app/extensions/git/dist/askpass.sh'), ('SHLVL', '2'), ('LD_LIBRARY_PATH', '/home/amov/lio_ws/install/fast_lio/lib:/home/amov/livox_ws/install/livox_ros_driver2/lib:/home/amov/navigation/install/serial/lib:/home/amov/navigation/install/robots_localization/lib:/home/amov/navigation/install/nlink_message/lib:/home/amov/navigation/livox_install/livox_ros_driver2/lib:/opt/ros/humble/opt/rviz_ogre_vendor/lib:/opt/ros/humble/lib/aarch64-linux-gnu:/opt/ros/humble/lib'), ('HOME', '/home/amov'), ('CHROME_DESKTOP', 'code.desktop'), ('OLDPWD', '/home/amov/lio_ws'), ('TERM_PROGRAM_VERSION', '1.108.0'), ('DESKTOP_SESSION', 'ubuntu'), ('ROS_PYTHON_VERSION', '3'), ('GNOME_SHELL_SESSION_MODE', 'ubuntu'), ('GTK_MODULES', 'gail:atk-bridge'), ('VSCODE_GIT_ASKPASS_MAIN', '/usr/share/code/resources/app/extensions/git/dist/askpass-main.js'), ('VSCODE_GIT_ASKPASS_NODE', '/usr/share/code/code'), ('SYSTEMD_EXEC_PID', '2309'), ('VSCODE_PYTHON_AUTOACTIVATE_GUARD', '1'), ('DBUS_SESSION_BUS_ADDRESS', 'unix:path=/run/user/1000/bus'), ('COLORTERM', 'truecolor'), ('IM_CONFIG_PHASE', '1'), ('https_proxy', 'http://127.0.0.1:7890'), ('COLCON_PREFIX_PATH', '/home/amov/livox_ws/install:/home/amov/navigation/install:/home/amov/navigation/livox_install:/home/amov/lio_ws/install'), ('ROS_DISTRO', 'humble'), ('GTK_IM_MODULE', 'ibus'), ('LOGNAME', 'amov'), ('http_proxy', 'http://127.0.0.1:7890'), ('_', '/usr/bin/colcon'), ('ROS_VERSION', '2'), ('XDG_SESSION_CLASS', 'user'), ('USERNAME', 'amov'), ('TERM', 'xterm-256color'), ('GNOME_DESKTOP_SESSION_ID', 'this-is-deprecated'), ('FC_FONTATIONS', '1'), ('ROS_LOCALHOST_ONLY', '0'), ('WINDOWPATH', '2'), ('PATH', '/home/amov/.local/bin:/opt/ros/humble/bin:/usr/local/sbin:/usr/local/bin:/usr/sbin:/usr/bin:/sbin:/bin:/usr/games:/usr/local/games:/snap/bin:/snap/bin'), ('SESSION_MANAGER', 'local/ubuntu:@/tmp/.ICE-unix/2124,unix/ubuntu:/tmp/.ICE-unix/2124'), ('XDG_MENU_PREFIX', 'gnome-'), ('GNOME_TERMINAL_SCREEN', '/org/gnome/Terminal/screen/e269e8f8_4190_4a3e_9911_a9dbe17da065'), ('XDG_RUNTIME_DIR', '/run/user/1000'), ('GDK_BACKEND', 'x11'), ('DISPLAY', ':1'), ('LANG', 'zh_CN.UTF-8'), ('XDG_CURRENT_DESKTOP', 'ubuntu:GNOME'), ('RMW_IMPLEMENTATION', 'rmw_fastrtps_cpp'), ('XMODIFIERS', '@im=ibus'), ('XDG_SESSION_DESKTOP', 'ubuntu'), ('XAUTHORITY', '/run/user/1000/gdm/Xauthority'), ('LS_COLORS', 'rs=0:di=01;34:ln=01;36:mh=00:pi=40;33:so=01;35:do=01;35:bd=40;33;01:cd=40;33;01:or=40;31;01:mi=00:su=37;41:sg=30;43:ca=30;41:tw=30;42:ow=34;42:st=37;44:ex=01;32:*.tar=01;31:*.tgz=01;31:*.arc=01;31:*.arj=01;31:*.taz=01;31:*.lha=01;31:*.lz4=01;31:*.lzh=01;31:*.lzma=01;31:*.tlz=01;31:*.txz=01;31:*.tzo=01;31:*.t7z=01;31:*.zip=01;31:*.z=01;31:*.dz=01;31:*.gz=01;31:*.lrz=01;31:*.lz=01;31:*.lzo=01;31:*.xz=01;31:*.zst=01;31:*.tzst=01;31:*.bz2=01;31:*.bz=01;31:*.tbz=01;31:*.tbz2=01;31:*.tz=01;31:*.deb=01;31:*.rpm=01;31:*.jar=01;31:*.war=01;31:*.ear=01;31:*.sar=01;31:*.rar=01;31:*.alz=01;31:*.ace=01;31:*.zoo=01;31:*.cpio=01;31:*.7z=01;31:*.rz=01;31:*.cab=01;31:*.wim=01;31:*.swm=01;31:*.dwm=01;31:*.esd=01;31:*.jpg=01;35:*.jpeg=01;35:*.mjpg=01;35:*.mjpeg=01;35:*.gif=01;35:*.bmp=01;35:*.pbm=01;35:*.pgm=01;35:*.ppm=01;35:*.tga=01;35:*.xbm=01;35:*.xpm=01;35:*.tif=01;35:*.tiff=01;35:*.png=01;35:*.svg=01;35:*.svgz=01;35:*.mng=01;35:*.pcx=01;35:*.mov=01;35:*.mpg=01;35:*.mpeg=01;35:*.m2v=01;35:*.mkv=01;35:*.webm=01;35:*.webp=01;35:*.ogm=01;35:*.mp4=01;35:*.m4v=01;35:*.mp4v=01;35:*.vob=01;35:*.qt=01;35:*.nuv=01;35:*.wmv=01;35:*.asf=01;35:*.rm=01;35:*.rmvb=01;35:*.flc=01;35:*.avi=01;35:*.fli=01;35:*.flv=01;35:*.gl=01;35:*.dl=01;35:*.xcf=01;35:*.xwd=01;35:*.yuv=01;35:*.cgm=01;35:*.emf=01;35:*.ogv=01;35:*.ogx=01;35:*.aac=00;36:*.au=00;36:*.flac=00;36:*.m4a=00;36:*.mid=00;36:*.midi=00;36:*.mka=00;36:*.mp3=00;36:*.mpc=00;36:*.ogg=00;36:*.ra=00;36:*.wav=00;36:*.oga=00;36:*.opus=00;36:*.spx=00;36:*.xspf=00;36:'), ('VSCODE_GIT_IPC_HANDLE', '/run/user/1000/vscode-git-d1d8dac169.sock'), ('GNOME_TERMINAL_SERVICE', ':1.91'), ('TERM_PROGRAM', 'vscode'), ('SSH_AGENT_LAUNCHER', 'gnome-keyring'), ('SSH_AUTH_SOCK', '/run/user/1000/keyring/ssh'), ('ROS_DOMAIN_ID', '5'), ('AMENT_PREFIX_PATH', '/home/amov/lio_ws/install/fast_lio:/home/amov/livox_ws/install/livox_ros_driver2:/home/amov/navigation/install/nlink_parser_ros2:/home/amov/navigation/install/serial:/home/amov/navigation/install/robots_localization:/home/amov/navigation/install/nlink_message:/home/amov/navigation/install/ego_planner_2d:/home/amov/navigation/livox_install/livox_ros_driver2:/opt/ros/humble'), ('SHELL', '/bin/bash'), ('QT_ACCESSIBILITY', '1'), ('NO_AT_BRIDGE', '1'), ('GDMSESSION', 'ubuntu'), ('LESSCLOSE', '/usr/bin/lesspipe %s %s'), ('GPG_AGENT_INFO', '/run/user/1000/gnupg/S.gpg-agent:0:1'), ('VSCODE_GIT_ASKPASS_EXTRA_ARGS', ''), ('QT_IM_MODULE', 'ibus'), ('PWD', '/home/amov/lio_ws/build/fast_lio'), ('XDG_CONFIG_DIRS', '/etc/xdg/xdg-ubuntu:/etc/xdg'), ('XDG_DATA_DIRS', '/usr/share/ubuntu:/usr/share/gnome:/usr/local/share/:/usr/share/:/var/lib/snapd/desktop'), ('PYTHONPATH', '/home/amov/lio_ws/install/fast_lio/local/lib/python3.10/dist-packages:/home/amov/livox_ws/install/livox_ros_driver2/local/lib/python3.10/dist-packages:/home/amov/navigation/install/robots_localization/local/lib/python3.10/dist-packages:/home/amov/navigation/install/nlink_message/local/lib/python3.10/dist-packages:/home/amov/navigation/livox_install/livox_ros_driver2/local/lib/python3.10/dist-packages:/opt/ros/humble/lib/python3.10/site-packages:/opt/ros/humble/local/lib/python3.10/dist-packages'), ('COLCON', '1'), ('VTE_VERSION', '6800'), ('CMAKE_PREFIX_PATH', '/home/amov/lio_ws/install/fast_lio:/home/amov/livox_ws/install/livox_ros_driver2:/home/amov/.local:/home/amov/navigation/install/nlink_parser_ros2:/home/amov/navigation/install/serial:/home/amov/navigation/install/robots_localization:/home/amov/navigation/install/nlink_message:/home/amov/navigation/install/ego_planner_2d:/home/amov/navigation/livox_install/livox_ros_driver2:/home/amov/.local:/opt/ros/humble')]), 'shell': False}
[174.085722] (fast_lio) StdoutLine: {'line': b'-- Install configuration: "Release"\n'}
[174.086848] (fast_lio) StdoutLine: {'line': b'-- Execute custom install script\n'}
[174.087700] (fast_lio) StdoutLine: {'line': b'-- Symlinking: /home/amov/lio_ws/install/fast_lio/share/ament_index/resource_index/rosidl_interfaces/fast_lio\n'}
[174.095129] (-) TimerEvent: {}
[174.107558] (fast_lio) StdoutLine: {'line': b'-- Symlinking: /home/amov/lio_ws/install/fast_lio/include/fast_lio/fast_lio/msg/detail/pose6_d__functions.h\n'}
[174.127399] (fast_lio) StdoutLine: {'line': b'-- Symlinking: /home/amov/lio_ws/install/fast_lio/include/fast_lio/fast_lio/msg/detail/pose6_d__struct.h\n'}
[174.148992] (fast_lio) StdoutLine: {'line': b'-- Symlinking: /home/amov/lio_ws/install/fast_lio/include/fast_lio/fast_lio/msg/detail/pose6_d__type_support.h\n'}
[174.168919] (fast_lio) StdoutLine: {'line': b'-- Symlinking: /home/amov/lio_ws/install/fast_lio/include/fast_lio/fast_lio/msg/pose6_d.h\n'}
[174.191514] (fast_lio) StdoutLine: {'line': b'-- Symlinking: /home/amov/lio_ws/install/fast_lio/include/fast_lio/fast_lio/msg/rosidl_generator_c__visibility_control.h\n'}
[174.195216] (-) TimerEvent: {}
[174.219243] (fast_lio) StdoutLine: {'line': b'-- Symlinking: /home/amov/lio_ws/install/fast_lio/share/fast_lio/environment/library_path.sh\n'}
[174.245642] (fast_lio) StdoutLine: {'line': b'-- Symlinking: /home/amov/lio_ws/install/fast_lio/share/fast_lio/environment/library_path.dsv\n'}
[174.267430] (fast_lio) StdoutLine: {'line': b'-- Symlinking: /home/amov/lio_ws/install/fast_lio/include/fast_lio/fast_lio/msg/detail/pose6_d__rosidl_typesupport_fastrtps_c.h\n'}
[174.288752] (fast_lio) StdoutLine: {'line': b'-- Symlinking: /home/amov/lio_ws/install/fast_lio/include/fast_lio/fast_lio/msg/rosidl_typesupport_fastrtps_c__visibility_control.h\n'}
[174.295325] (-) TimerEvent: {}
[174.313566] (fast_lio) StdoutLine: {'line': b'-- Symlinking: /home/amov/lio_ws/install/fast_lio/include/fast_lio/fast_lio/msg/detail/pose6_d__builder.hpp\n'}
[174.335924] (fast_lio) StdoutLine: {'line': b'-- Symlinking: /home/amov/lio_ws/install/fast_lio/include/fast_lio/fast_lio/msg/detail/pose6_d__struct.hpp\n'}
[174.358908] (fast_lio) StdoutLine: {'line': b'-- Symlinking: /home/amov/lio_ws/install/fast_lio/include/fast_lio/fast_lio/msg/detail/pose6_d__traits.hpp\n'}
[174.377717] (fast_lio) StdoutLine: {'line': b'-- Symlinking: /home/amov/lio_ws/install/fast_lio/include/fast_lio/fast_lio/msg/detail/pose6_d__type_support.hpp\n'}
[174.395514] (-) TimerEvent: {}
[174.396943] (fast_lio) StdoutLine: {'line': b'-- Symlinking: /home/amov/lio_ws/install/fast_lio/include/fast_lio/fast_lio/msg/pose6_d.hpp\n'}
[174.420721] (fast_lio) StdoutLine: {'line': b'-- Symlinking: /home/amov/lio_ws/install/fast_lio/include/fast_lio/fast_lio/msg/rosidl_generator_cpp__visibility_control.hpp\n'}
[174.444823] (fast_lio) StdoutLine: {'line': b'-- Symlinking: /home/amov/lio_ws/install/fast_lio/include/fast_lio/fast_lio/msg/detail/pose6_d__rosidl_typesupport_fastrtps_cpp.hpp\n'}
[174.464387] (fast_lio) StdoutLine: {'line': b'-- Symlinking: /home/amov/lio_ws/install/fast_lio/include/fast_lio/fast_lio/msg/rosidl_typesupport_fastrtps_cpp__visibility_control.h\n'}
[174.484120] (fast_lio) StdoutLine: {'line': b'-- Symlinking: /home/amov/lio_ws/install/fast_lio/include/fast_lio/fast_lio/msg/detail/pose6_d__rosidl_typesupport_introspection_c.h\n'}
[174.495811] (-) TimerEvent: {}
[174.504136] (fast_lio) StdoutLine: {'line': b'-- Symlinking: /home/amov/lio_ws/install/fast_lio/include/fast_lio/fast_lio/msg/rosidl_typesupport_introspection_c__visibility_control.h\n'}
[174.529622] (fast_lio) StdoutLine: {'line': b'-- Symlinking: /home/amov/lio_ws/install/fast_lio/include/fast_lio/fast_lio/msg/detail/pose6_d__rosidl_typesupport_introspection_cpp.hpp\n'}
[174.552068] (fast_lio) StdoutLine: {'line': b'-- Symlinking: /home/amov/lio_ws/install/fast_lio/share/fast_lio/environment/pythonpath.sh\n'}
[174.575772] (fast_lio) StdoutLine: {'line': b'-- Symlinking: /home/amov/lio_ws/install/fast_lio/share/fast_lio/environment/pythonpath.dsv\n'}
[174.595970] (-) TimerEvent: {}
[174.596845] (fast_lio) StdoutLine: {'line': b'-- Symlinking: /home/amov/lio_ws/install/fast_lio/local/lib/python3.10/dist-packages/fast_lio-0.0.0-py3.10.egg-info/PKG-INFO\n'}
[174.619752] (fast_lio) StdoutLine: {'line': b'-- Symlinking: /home/amov/lio_ws/install/fast_lio/local/lib/python3.10/dist-packages/fast_lio-0.0.0-py3.10.egg-info/SOURCES.txt\n'}
[174.642558] (fast_lio) StdoutLine: {'line': b'-- Symlinking: /home/amov/lio_ws/install/fast_lio/local/lib/python3.10/dist-packages/fast_lio-0.0.0-py3.10.egg-info/dependency_links.txt\n'}
[174.666868] (fast_lio) StdoutLine: {'line': b'-- Symlinking: /home/amov/lio_ws/install/fast_lio/local/lib/python3.10/dist-packages/fast_lio-0.0.0-py3.10.egg-info/top_level.txt\n'}
[174.688524] (fast_lio) StdoutLine: {'line': b'-- Symlinking: /home/amov/lio_ws/install/fast_lio/local/lib/python3.10/dist-packages/fast_lio/__init__.py\n'}
[174.696117] (-) TimerEvent: {}
[174.710991] (fast_lio) StdoutLine: {'line': b'-- Symlinking: /home/amov/lio_ws/install/fast_lio/local/lib/python3.10/dist-packages/fast_lio/_fast_lio_s.ep.rosidl_typesupport_c.c\n'}
[174.733649] (fast_lio) StdoutLine: {'line': b'-- Symlinking: /home/amov/lio_ws/install/fast_lio/local/lib/python3.10/dist-packages/fast_lio/_fast_lio_s.ep.rosidl_typesupport_fastrtps_c.c\n'}
[174.758144] (fast_lio) StdoutLine: {'line': b'-- Symlinking: /home/amov/lio_ws/install/fast_lio/local/lib/python3.10/dist-packages/fast_lio/_fast_lio_s.ep.rosidl_typesupport_introspection_c.c\n'}
[174.775867] (fast_lio) StdoutLine: {'line': b'-- Symlinking: /home/amov/lio_ws/install/fast_lio/local/lib/python3.10/dist-packages/fast_lio/fast_lio_s__rosidl_typesupport_c.cpython-310-aarch64-linux-gnu.so\n'}
[174.792099] (fast_lio) StdoutLine: {'line': b'-- Symlinking: /home/amov/lio_ws/install/fast_lio/local/lib/python3.10/dist-packages/fast_lio/fast_lio_s__rosidl_typesupport_fastrtps_c.cpython-310-aarch64-linux-gnu.so\n'}
[174.796272] (-) TimerEvent: {}
[174.811447] (fast_lio) StdoutLine: {'line': b'-- Symlinking: /home/amov/lio_ws/install/fast_lio/local/lib/python3.10/dist-packages/fast_lio/fast_lio_s__rosidl_typesupport_introspection_c.cpython-310-aarch64-linux-gnu.so\n'}
[174.829779] (fast_lio) StdoutLine: {'line': b'-- Symlinking: /home/amov/lio_ws/install/fast_lio/local/lib/python3.10/dist-packages/fast_lio/libfast_lio__rosidl_generator_py.so\n'}
[174.846319] (fast_lio) StdoutLine: {'line': b'-- Symlinking: /home/amov/lio_ws/install/fast_lio/local/lib/python3.10/dist-packages/fast_lio/msg/__init__.py\n'}
[174.862809] (fast_lio) StdoutLine: {'line': b'-- Symlinking: /home/amov/lio_ws/install/fast_lio/local/lib/python3.10/dist-packages/fast_lio/msg/_pose6_d.py\n'}
[174.878197] (fast_lio) StdoutLine: {'line': b'-- Symlinking: /home/amov/lio_ws/install/fast_lio/local/lib/python3.10/dist-packages/fast_lio/msg/_pose6_d_s.c\n'}
[174.894047] (fast_lio) StdoutLine: {'line': b'-- Up-to-date symlink: /home/amov/lio_ws/install/fast_lio/local/lib/python3.10/dist-packages/fast_lio/fast_lio_s__rosidl_typesupport_fastrtps_c.cpython-310-aarch64-linux-gnu.so\n'}
[174.894677] (fast_lio) StdoutLine: {'line': b'-- Up-to-date symlink: /home/amov/lio_ws/install/fast_lio/local/lib/python3.10/dist-packages/fast_lio/fast_lio_s__rosidl_typesupport_introspection_c.cpython-310-aarch64-linux-gnu.so\n'}
[174.894897] (fast_lio) StdoutLine: {'line': b'-- Up-to-date symlink: /home/amov/lio_ws/install/fast_lio/local/lib/python3.10/dist-packages/fast_lio/fast_lio_s__rosidl_typesupport_c.cpython-310-aarch64-linux-gnu.so\n'}
[174.895106] (fast_lio) StdoutLine: {'line': b'-- Symlinking: /home/amov/lio_ws/install/fast_lio/share/ament_index/resource_index/rust_packages/fast_lio\n'}
[174.896346] (-) TimerEvent: {}
[174.911824] (fast_lio) StdoutLine: {'line': b'-- Symlinking: /home/amov/lio_ws/install/fast_lio/share/fast_lio/rust/Cargo.toml\n'}
[174.927685] (fast_lio) StdoutLine: {'line': b'-- Symlinking: /home/amov/lio_ws/install/fast_lio/share/fast_lio/rust/build.rs\n'}
[174.943367] (fast_lio) StdoutLine: {'line': b'-- Symlinking: /home/amov/lio_ws/install/fast_lio/share/fast_lio/rust/src/lib.rs\n'}
[174.963192] (fast_lio) StdoutLine: {'line': b'-- Symlinking: /home/amov/lio_ws/install/fast_lio/share/fast_lio/rust/src/msg.rs\n'}
[174.983935] (fast_lio) StdoutLine: {'line': b'-- Symlinking: /home/amov/lio_ws/install/fast_lio/share/fast_lio/rust/src/msg/rmw.rs\n'}
[174.996590] (-) TimerEvent: {}
[175.003168] (fast_lio) StdoutLine: {'line': b'-- Symlinking: /home/amov/lio_ws/install/fast_lio/share/fast_lio/msg/Pose6D.idl\n'}
[175.021567] (fast_lio) StdoutLine: {'line': b'-- Symlinking: /home/amov/lio_ws/install/fast_lio/share/fast_lio/msg/Pose6D.msg\n'}
[175.041242] (fast_lio) StdoutLine: {'line': b'-- Symlinking: /home/amov/lio_ws/install/fast_lio/lib/fast_lio/fastlio_mapping\n'}
[175.059401] (fast_lio) StdoutLine: {'line': b'-- Symlinking: /home/amov/lio_ws/install/fast_lio/share/fast_lio/config/avia.yaml\n'}
[175.076494] (fast_lio) StdoutLine: {'line': b'-- Symlinking: /home/amov/lio_ws/install/fast_lio/share/fast_lio/config/horizon.yaml\n'}
[175.092651] (fast_lio) StdoutLine: {'line': b'-- Symlinking: /home/amov/lio_ws/install/fast_lio/share/fast_lio/config/mid360.yaml\n'}
[175.096748] (-) TimerEvent: {}
[175.112604] (fast_lio) StdoutLine: {'line': b'-- Symlinking: /home/amov/lio_ws/install/fast_lio/share/fast_lio/config/ouster64.yaml\n'}
[175.131453] (fast_lio) StdoutLine: {'line': b'-- Symlinking: /home/amov/lio_ws/install/fast_lio/share/fast_lio/config/velodyne.yaml\n'}
[175.149115] (fast_lio) StdoutLine: {'line': b'-- Symlinking: /home/amov/lio_ws/install/fast_lio/share/fast_lio/launch/gdb_debug_example.launch\n'}
[175.164215] (fast_lio) StdoutLine: {'line': b'-- Symlinking: /home/amov/lio_ws/install/fast_lio/share/fast_lio/launch/mapping.launch.py\n'}
[175.183834] (fast_lio) StdoutLine: {'line': b'-- Symlinking: /home/amov/lio_ws/install/fast_lio/share/fast_lio/rviz/fastlio.rviz\n'}
[175.197043] (-) TimerEvent: {}
[175.204894] (fast_lio) StdoutLine: {'line': b'-- Symlinking: /home/amov/lio_ws/install/fast_lio/share/ament_index/resource_index/package_run_dependencies/fast_lio\n'}
[175.225838] (fast_lio) StdoutLine: {'line': b'-- Symlinking: /home/amov/lio_ws/install/fast_lio/share/ament_index/resource_index/parent_prefix_path/fast_lio\n'}
[175.247907] (fast_lio) StdoutLine: {'line': b'-- Symlinking: /home/amov/lio_ws/install/fast_lio/share/fast_lio/environment/ament_prefix_path.sh\n'}
[175.277804] (fast_lio) StdoutLine: {'line': b'-- Symlinking: /home/amov/lio_ws/install/fast_lio/share/fast_lio/environment/ament_prefix_path.dsv\n'}
[175.295688] (fast_lio) StdoutLine: {'line': b'-- Symlinking: /home/amov/lio_ws/install/fast_lio/share/fast_lio/environment/path.sh\n'}
[175.297047] (-) TimerEvent: {}
[175.318152] (fast_lio) StdoutLine: {'line': b'-- Symlinking: /home/amov/lio_ws/install/fast_lio/share/fast_lio/environment/path.dsv\n'}
[175.342011] (fast_lio) StdoutLine: {'line': b'-- Symlinking: /home/amov/lio_ws/install/fast_lio/share/fast_lio/local_setup.bash\n'}
[175.364872] (fast_lio) StdoutLine: {'line': b'-- Symlinking: /home/amov/lio_ws/install/fast_lio/share/fast_lio/local_setup.sh\n'}
[175.386453] (fast_lio) StdoutLine: {'line': b'-- Symlinking: /home/amov/lio_ws/install/fast_lio/share/fast_lio/local_setup.zsh\n'}
[175.397177] (-) TimerEvent: {}
[175.409789] (fast_lio) StdoutLine: {'line': b'-- Symlinking: /home/amov/lio_ws/install/fast_lio/share/fast_lio/local_setup.dsv\n'}
[175.431649] (fast_lio) StdoutLine: {'line': b'-- Symlinking: /home/amov/lio_ws/install/fast_lio/share/fast_lio/package.dsv\n'}
[175.452027] (fast_lio) StdoutLine: {'line': b'-- Symlinking: /home/amov/lio_ws/install/fast_lio/share/ament_index/resource_index/packages/fast_lio\n'}
[175.475260] (fast_lio) StdoutLine: {'line': b'-- Symlinking: /home/amov/lio_ws/install/fast_lio/share/fast_lio/cmake/rosidl_cmake-extras.cmake\n'}
[175.497292] (-) TimerEvent: {}
[175.498393] (fast_lio) StdoutLine: {'line': b'-- Symlinking: /home/amov/lio_ws/install/fast_lio/share/fast_lio/cmake/ament_cmake_export_include_directories-extras.cmake\n'}
[175.522620] (fast_lio) StdoutLine: {'line': b'-- Symlinking: /home/amov/lio_ws/install/fast_lio/share/fast_lio/cmake/ament_cmake_export_libraries-extras.cmake\n'}
[175.543919] (fast_lio) StdoutLine: {'line': b'-- Symlinking: /home/amov/lio_ws/install/fast_lio/share/fast_lio/cmake/ament_cmake_export_targets-extras.cmake\n'}
[175.564460] (fast_lio) StdoutLine: {'line': b'-- Symlinking: /home/amov/lio_ws/install/fast_lio/share/fast_lio/cmake/rosidl_cmake_export_typesupport_targets-extras.cmake\n'}
[175.587716] (fast_lio) StdoutLine: {'line': b'-- Symlinking: /home/amov/lio_ws/install/fast_lio/share/fast_lio/cmake/ament_cmake_export_dependencies-extras.cmake\n'}
[175.597421] (-) TimerEvent: {}
[175.607263] (fast_lio) StdoutLine: {'line': b'-- Symlinking: /home/amov/lio_ws/install/fast_lio/share/fast_lio/cmake/rosidl_cmake_export_typesupport_libraries-extras.cmake\n'}
[175.629843] (fast_lio) StdoutLine: {'line': b'-- Symlinking: /home/amov/lio_ws/install/fast_lio/share/fast_lio/cmake/rosidl_cmake_aggregate_target-extras.cmake\n'}
[175.649045] (fast_lio) StdoutLine: {'line': b'-- Symlinking: /home/amov/lio_ws/install/fast_lio/share/fast_lio/cmake/fast_lioConfig.cmake\n'}
[175.672690] (fast_lio) StdoutLine: {'line': b'-- Symlinking: /home/amov/lio_ws/install/fast_lio/share/fast_lio/cmake/fast_lioConfig-version.cmake\n'}
[175.690028] (fast_lio) StdoutLine: {'line': b'-- Symlinking: /home/amov/lio_ws/install/fast_lio/share/fast_lio/package.xml\n'}
[175.697630] (-) TimerEvent: {}
[175.711042] (fast_lio) StdoutLine: {'line': b'-- Installing: /home/amov/lio_ws/install/fast_lio/lib/libfast_lio__rosidl_generator_c.so\n'}
[175.712905] (fast_lio) StdoutLine: {'line': b'-- Set runtime path of "/home/amov/lio_ws/install/fast_lio/lib/libfast_lio__rosidl_generator_c.so" to ""\n'}
[175.714098] (fast_lio) StdoutLine: {'line': b'-- Installing: /home/amov/lio_ws/install/fast_lio/lib/libfast_lio__rosidl_typesupport_fastrtps_c.so\n'}
[175.714614] (fast_lio) StdoutLine: {'line': b'-- Set runtime path of "/home/amov/lio_ws/install/fast_lio/lib/libfast_lio__rosidl_typesupport_fastrtps_c.so" to ""\n'}
[175.714916] (fast_lio) StdoutLine: {'line': b'-- Installing: /home/amov/lio_ws/install/fast_lio/lib/libfast_lio__rosidl_typesupport_fastrtps_cpp.so\n'}
[175.715272] (fast_lio) StdoutLine: {'line': b'-- Set runtime path of "/home/amov/lio_ws/install/fast_lio/lib/libfast_lio__rosidl_typesupport_fastrtps_cpp.so" to ""\n'}
[175.715625] (fast_lio) StdoutLine: {'line': b'-- Installing: /home/amov/lio_ws/install/fast_lio/lib/libfast_lio__rosidl_typesupport_introspection_c.so\n'}
[175.716735] (fast_lio) StdoutLine: {'line': b'-- Set runtime path of "/home/amov/lio_ws/install/fast_lio/lib/libfast_lio__rosidl_typesupport_introspection_c.so" to ""\n'}
[175.717059] (fast_lio) StdoutLine: {'line': b'-- Installing: /home/amov/lio_ws/install/fast_lio/lib/libfast_lio__rosidl_typesupport_c.so\n'}
[175.718066] (fast_lio) StdoutLine: {'line': b'-- Set runtime path of "/home/amov/lio_ws/install/fast_lio/lib/libfast_lio__rosidl_typesupport_c.so" to ""\n'}
[175.718636] (fast_lio) StdoutLine: {'line': b'-- Installing: /home/amov/lio_ws/install/fast_lio/lib/libfast_lio__rosidl_typesupport_introspection_cpp.so\n'}
[175.719590] (fast_lio) StdoutLine: {'line': b'-- Set runtime path of "/home/amov/lio_ws/install/fast_lio/lib/libfast_lio__rosidl_typesupport_introspection_cpp.so" to ""\n'}
[175.719927] (fast_lio) StdoutLine: {'line': b'-- Installing: /home/amov/lio_ws/install/fast_lio/lib/libfast_lio__rosidl_typesupport_cpp.so\n'}
[175.720897] (fast_lio) StdoutLine: {'line': b'-- Set runtime path of "/home/amov/lio_ws/install/fast_lio/lib/libfast_lio__rosidl_typesupport_cpp.so" to ""\n'}
[175.791111] (fast_lio) StdoutLine: {'line': b"Listing '/home/amov/lio_ws/install/fast_lio/local/lib/python3.10/dist-packages/fast_lio'...\n"}
[175.791514] (fast_lio) StdoutLine: {'line': b"Compiling '/home/amov/lio_ws/install/fast_lio/local/lib/python3.10/dist-packages/fast_lio/__init__.py'...\n"}
[175.791649] (fast_lio) StdoutLine: {'line': b"Listing '/home/amov/lio_ws/install/fast_lio/local/lib/python3.10/dist-packages/fast_lio/msg'...\n"}
[175.791752] (fast_lio) StdoutLine: {'line': b"Compiling '/home/amov/lio_ws/install/fast_lio/local/lib/python3.10/dist-packages/fast_lio/msg/__init__.py'...\n"}
[175.791850] (fast_lio) StdoutLine: {'line': b"Compiling '/home/amov/lio_ws/install/fast_lio/local/lib/python3.10/dist-packages/fast_lio/msg/_pose6_d.py'...\n"}
[175.797686] (-) TimerEvent: {}
[175.801363] (fast_lio) StdoutLine: {'line': b'-- Installing: /home/amov/lio_ws/install/fast_lio/lib/libfast_lio__rosidl_generator_py.so\n'}
[175.803224] (fast_lio) StdoutLine: {'line': b'-- Set runtime path of "/home/amov/lio_ws/install/fast_lio/lib/libfast_lio__rosidl_generator_py.so" to ""\n'}
[175.803595] (fast_lio) StdoutLine: {'line': b'-- Installing: /home/amov/lio_ws/install/fast_lio/share/fast_lio/cmake/export_fast_lio__rosidl_generator_cExport.cmake\n'}
[175.804073] (fast_lio) StdoutLine: {'line': b'-- Installing: /home/amov/lio_ws/install/fast_lio/share/fast_lio/cmake/export_fast_lio__rosidl_generator_cExport-release.cmake\n'}
[175.804623] (fast_lio) StdoutLine: {'line': b'-- Installing: /home/amov/lio_ws/install/fast_lio/share/fast_lio/cmake/export_fast_lio__rosidl_typesupport_fastrtps_cExport.cmake\n'}
[175.805156] (fast_lio) StdoutLine: {'line': b'-- Installing: /home/amov/lio_ws/install/fast_lio/share/fast_lio/cmake/export_fast_lio__rosidl_typesupport_fastrtps_cExport-release.cmake\n'}
[175.805688] (fast_lio) StdoutLine: {'line': b'-- Installing: /home/amov/lio_ws/install/fast_lio/share/fast_lio/cmake/export_fast_lio__rosidl_generator_cppExport.cmake\n'}
[175.806289] (fast_lio) StdoutLine: {'line': b'-- Installing: /home/amov/lio_ws/install/fast_lio/share/fast_lio/cmake/export_fast_lio__rosidl_typesupport_fastrtps_cppExport.cmake\n'}
[175.806785] (fast_lio) StdoutLine: {'line': b'-- Installing: /home/amov/lio_ws/install/fast_lio/share/fast_lio/cmake/export_fast_lio__rosidl_typesupport_fastrtps_cppExport-release.cmake\n'}
[175.807343] (fast_lio) StdoutLine: {'line': b'-- Installing: /home/amov/lio_ws/install/fast_lio/share/fast_lio/cmake/fast_lio__rosidl_typesupport_introspection_cExport.cmake\n'}
[175.807913] (fast_lio) StdoutLine: {'line': b'-- Installing: /home/amov/lio_ws/install/fast_lio/share/fast_lio/cmake/fast_lio__rosidl_typesupport_introspection_cExport-release.cmake\n'}
[175.808463] (fast_lio) StdoutLine: {'line': b'-- Installing: /home/amov/lio_ws/install/fast_lio/share/fast_lio/cmake/fast_lio__rosidl_typesupport_cExport.cmake\n'}
[175.809009] (fast_lio) StdoutLine: {'line': b'-- Installing: /home/amov/lio_ws/install/fast_lio/share/fast_lio/cmake/fast_lio__rosidl_typesupport_cExport-release.cmake\n'}
[175.809562] (fast_lio) StdoutLine: {'line': b'-- Installing: /home/amov/lio_ws/install/fast_lio/share/fast_lio/cmake/fast_lio__rosidl_typesupport_introspection_cppExport.cmake\n'}
[175.810107] (fast_lio) StdoutLine: {'line': b'-- Installing: /home/amov/lio_ws/install/fast_lio/share/fast_lio/cmake/fast_lio__rosidl_typesupport_introspection_cppExport-release.cmake\n'}
[175.810706] (fast_lio) StdoutLine: {'line': b'-- Installing: /home/amov/lio_ws/install/fast_lio/share/fast_lio/cmake/fast_lio__rosidl_typesupport_cppExport.cmake\n'}
[175.811247] (fast_lio) StdoutLine: {'line': b'-- Installing: /home/amov/lio_ws/install/fast_lio/share/fast_lio/cmake/fast_lio__rosidl_typesupport_cppExport-release.cmake\n'}
[175.811786] (fast_lio) StdoutLine: {'line': b'-- Installing: /home/amov/lio_ws/install/fast_lio/share/fast_lio/cmake/export_fast_lio__rosidl_generator_pyExport.cmake\n'}
[175.812311] (fast_lio) StdoutLine: {'line': b'-- Installing: /home/amov/lio_ws/install/fast_lio/share/fast_lio/cmake/export_fast_lio__rosidl_generator_pyExport-release.cmake\n'}
[175.823772] (fast_lio) CommandEnded: {'returncode': 0}
[175.877837] (fast_lio) JobEnded: {'identifier': 'fast_lio', 'rc': 0}
[175.879962] (-) EventReactorShutdown: {}
